name,actor_id,count
Everett McGill,5616.0,1
Ron Perlman,2372.0,2
Nicholas Kadi,152970.0,1
Rae Dawn Chong,13312.0,1
Gary Schwartz,184330.0,1
Naseer El-Kadi,1336078.0,1
Franck-Olivier Bonnet,578093.0,1
Jean-Michel Kindt,1336080.0,1
Kurt Schiegl,1195963.0,1
Brian Gillin,1282685.0,1
Terry Fitt,1336082.0,1
Bibi Caspari,1336083.0,1
Peter Elliott,536274.0,1
Michelle Leduc,1336085.0,1
Robert Lavoie,1336086.0,1
Christian Benard,1336088.0,1
Tarlok Sing Seva,1336089.0,1
Lolamal Kapisisi,1336092.0,1
Matt Birman,72117.0,1
Joy Boushel,57626.0,1
Sasha Grey,74251.0,1
David Carradine,141.0,1
Carol Alt,52087.0,1
Talia Shire,3094.0,1
Adam Rifkin,50583.0,1
Ali Larter,17303.0,1
Hayes MacArthur,74930.0,1
Gary Busey,2048.0,1
Ron Jeremy,42545.0,1
Nick Krause,931945.0,1
Derek Southers,1375034.0,1
Steven Strait,54815.0,1
Camilla Belle,38670.0,1
Cliff Curtis,7248.0,1
Nathanael Baring,54805.0,1
Mo Zinal,54806.0,1
Affif Ben Badra,54807.0,1
Mona Hammond,54808.0,1
Marco Khan,54809.0,1
Reece Ritchie,54810.0,1
Joel Fry,54811.0,1
Joel Virgel,143647.0,1
Omar Sharif,5004.0,2
Kristian Beazley,964350.0,1
Junior Oliphant,964351.0,1
Louise Tu'u,1080044.0,1
Jacob Renton,1080045.0,1
Grayson Hunt Urwin,1080046.0,1
Farouk Valley-Omar,953772.0,1
Boubacar Babiane,1080047.0,1
Joe Vaz,137463.0,1
Charles Baloyi,1606770.0,1
Tim Barlow,79875.0,1
Gabriel Malema,35982.0,1
Mark Simmons,1606771.0,1
Hannah Westbury,1606772.0,1
Antonio Fisher,1606773.0,1
Steven Afrikaner,1606774.0,1
David Dennis,107754.0,1
Tony Caprari,120084.0,1
Matthew Navin,1606784.0,1
Nimiah Rodgers,1606785.0,1
Kolby Pistak,1606786.0,1
Ben Hart,1606788.0,1
Ben Coyle-Larner,1606789.0,1
Joshua Peters,1606790.0,1
Heberth Somaeb,1606791.0,1
Sadrag Nakale,1606792.0,1
Mykhail Cohen,1606793.0,1
Janine Manuel,1606794.0,1
Kabelo Murray,1606795.0,1
Andrew Stehlin,1200415.0,1
Suri van Sornsen,1606796.0,1
Victor Webster,1215144.0,1
Bostin Christopher,102996.0,1
Temuera Morrison,7242.0,1
Krystal Vee,553565.0,1
Selina Lo,115500.0,1
Kimbo Slice,78456.0,1
Dave Bautista,543530.0,1
Billy Zane,1954.0,1
Johann Helf,205888.0,1
Geoffrey Giuliano,94381.0,1
Tanapol Chuksrida,94387.0,1
J.D. Hall,154233.0,1
Stephane Lambert,1272268.0,1
Damian Mavis,1290458.0,1
Jason Pace,1231272.0,1
Dean Alexandrou,94384.0,1
Bruce Blain,1285611.0,1
Josiah D. Lee,64374.0,1
Kelly Hu,11024.0,1
Jean Simmons,14500.0,3
Victor Mature,30290.0,3
Gene Tierney,20124.0,1
Peter Ustinov,14501.0,3
Edmund Purdom,26155.0,3
Michael Wilding,20392.0,1
Bella Darvi,92930.0,1
Judith Evelyn,7686.0,1
Henry Daniell,10924.0,1
John Carradine,8516.0,2
Carl Benton Reid,81180.0,1
Tommy Rettig,20099.0,1
Anitra Stevens,1382707.0,1
Michael Ansara,16074.0,4
Henry Corden,106102.0,2
Mady Comfort,1747651.0,1
Richard Allan,38238.0,1
Sharon Jan Altman,1747652.0,1
Rama Bai,1671997.0,1
Don Bender,1747653.0,1
Don Blackman,976235.0,1
Geraldine Bogdonovich,1747654.0,1
Brad Brown,1747655.0,1
George Bruggeman,1421080.0,1
George Chester,1747656.0,1
Angela Clarke,89215.0,1
Edmund Cobb,43836.0,1
Karl 'Killer' Davis,1135034.0,1
Carmen De Lavallade,96735.0,1
Alvin Burke Deer,1747657.0,1
James Dime,1152705.0,1
Franco Fantasia,33820.0,2
Dede Gainor,1747658.0,1
Aurello Galli,1747659.0,1
John George,97999.0,1
Mimi Gibson,16762.0,2
Michael Granger,83912.0,1
Yeghishe Harout,1747660.0,1
Lars Hensen,1507184.0,2
Kay Koury,1747661.0,1
Paul Kruger,119486.0,2
Ian MacDonald,4074.0,1
Tyler MacDuff,111488.0,1
Tiger Joe Marsh,1747678.0,1
Donna Martell,94991.0,1
Mike Mazurki,84229.0,2
George Melford,931194.0,2
John Mooney,1155980.0,1
Wilma Reid,1747680.0,1
Peter Reynolds,1747681.0,1
John Roy,1462194.0,1
Lawrence Ryle,106505.0,1
Paul Salata,1024978.0,1
Harry Shearer,6008.0,1
Ray Spiker,30515.0,1
Saye Sumi,1747682.0,1
Harry Thompson,1747686.0,1
Alice Tissot,553634.0,1
Joan Winfield,133459.0,1
Jeanne Crain,82170.0,1
Vincent Price,1905.0,2
Amedeo Nazzari,31989.0,1
Liana Orfei,32378.0,1
Carlo D'Angelo,56729.0,1
Alberto Farnese,262301.0,1
Clelia Matania,14147.0,1
Giulio Marchetti,52663.0,1
Piero Palermini,98787.0,2
Umberto Raho,25816.0,1
Raf Baldassarre,50782.0,3
Anton Lesser,27397.0,2
Suzanne Burden,1220058.0,1
Charles Gray,10074.0,1
Benjamin Whitrow,84927.0,1
John Shrapnel,940.0,2
Tony Steedman,18360.0,1
Max Harvey,1832277.0,1
Geoffrey Chater,153196.0,1
Bernard Brown,1855466.0,1
Kenneth Haigh,53817.0,2
Jack Birkett,1118426.0,1
Vernon Dobtcheff,649.0,1
Peter Walmsley,1855471.0,1
Simon Cutter,1855472.0,1
Esmond Knight,56875.0,2
Anthony Pedley,26672.0,2
Elayne Sharling,1855476.0,2
Paul Moriarty,1229473.0,1
Ann Pennington,1242021.0,1
Peter Whitbread,1221504.0,1
David Kinsey,1583248.0,1
Merelina Kendall,1222024.0,1
Cornelius Garrett,1356275.0,1
Tony Portacio,1229038.0,1
Peter J. Cassell,1100770.0,1
Harry Fielder,202402.0,1
Ben Kingsley,2282.0,1
Frank Langella,8924.0,1
Christopher Lee,113.0,2
Anna Galiena,27391.0,1
Anita Zagaria,27394.0,1
Enrico Lo Verso,27392.0,1
Philippe Leroy,25333.0,1
David Suchet,20277.0,2
Geraldine McEwan,8326.0,1
Maurice Roëves,54.0,1
Anthony Higgins,660.0,1
Dudley Sutton,27393.0,1
Philip Stone,694.0,1
Federico Pacifici,27395.0,1
Sônia Braga,27396.0,1
Urbano Barberini,27398.0,1
Paolo Calabresi,27399.0,1
Riccardo Salerno,27400.0,1
Bruno Bilotta,27401.0,1
Lawrence Blight,27402.0,1
Christian Ashton,27403.0,1
Christian Catuogno,27404.0,1
Daniel Wilson,27405.0,1
Florian Fitz,27406.0,1
Soumaya Harris,27407.0,1
Mark Lewis,27408.0,1
Bruce Lidington,24732.0,1
Loris Loddi,7196.0,2
Jacqueline Lustig,27409.0,1
Justine Midda,27410.0,1
Stefania Montorsi,27411.0,1
Benito Pacifico,27412.0,1
Franco Maria Salamon,15911.0,1
Claudio Pacifico,15913.0,1
Vincent Riotta,26669.0,1
Imane Soussi,27413.0,1
Sarah Thomas,27414.0,1
Amy Werba,27415.0,1
Robert Willox,27416.0,1
Timur Yusef,24617.0,1
Aziz Janah,27417.0,2
Katharine Hepburn,6598.0,1
Vanessa Redgrave,13333.0,1
Geneviève Bujold,35341.0,1
Irene Papas,18847.0,2
Patrick Magee,2264.0,1
Brian Blessed,8318.0,1
Alberto Sanz,2334179.0,1
Pauline Letts,1628643.0,1
Rosalind Shanks,1298084.0,1
Pat Beckett,1524887.0,1
Anna Bentinck,1276663.0,1
Elsie Pittas,2334180.0,1
Esmeralda Adam García,1169601.0,1
Esperanza Alonso,1472205.0,1
María García Alonso,2334181.0,1
Nilda Álvarez,2334182.0,1
Adela Armengol,2334184.0,1
Victoria Ayllón,2024087.0,1
Gloria Berrocal,1691397.0,1
Elizabeth Billencourt,2334185.0,1
Maria Borge,2187741.0,1
Margarita Calahorra,1007624.0,1
Elena Castillo,2334186.0,1
Renee Eber,2334187.0,1
Ana María Espejo,2007128.0,1
Katie Ellyson,2334188.0,1
María Jesús Hoyos,1092032.0,1
Gwen Kocsis,2334189.0,1
Concha Leza,1315599.0,1
Maureen Mallall,2334190.0,1
Margarita Matta,1678275.0,1
Ivi Mavridi,2334191.0,1
Mirta Miller,46426.0,1
Livia Mitchell,2334192.0,1
Conchita Morales,1500259.0,1
Emilia Pittas,2334193.0,1
Catherine Rabone,2334194.0,1
Yvette Rees,119742.0,1
Clara Sanchiz,2334195.0,1
Carmen Segarra,1331707.0,1
Maria Farantouri,2334196.0,1
Dan van Husen,12768.0,1
L. Zarrabeitia,2334197.0,1
Mark Forest,980234.0,3
Yvonne Furneaux,5962.0,2
Massimo Serato,14148.0,1
Pierre Cressoy,49898.0,1
Nerio Bernardi,99530.0,2
Rosalba Neri,30664.0,2
Carlo Tamberlani,37784.0,4
Gordon Mitchell,30898.0,3
Jacques Bergerac,151651.0,1
Mario Petri,128243.0,3
Cristina Gaïoni,237623.0,1
Ennio Girolami,128674.0,1
Gloria Milland,45034.0,1
Eleonora Bianchi,237380.0,2
Edith Peters,67969.0,2
Tina Gloriani,1179796.0,1
Piero Lulli,45035.0,4
Erminio Spalla,1430285.0,1
Nando Tamberlani,98789.0,2
Remo De Angelis,52999.0,3
Gian Paolo Rosmino,1211167.0,1
Romano Ghini,544210.0,1
Manfred Freyberger,1608792.0,1
Maria Laura Rocca,98793.0,1
Anita Todesco,114421.0,2
Gina Mascetti,1074069.0,1
Dada Gallotti,31548.0,3
Fosco Giachetti,33471.0,1
Roberto Risso,45189.0,1
Charlton Heston,10017.0,1
Yul Brynner,14528.0,2
Anne Baxter,10606.0,1
Edward G. Robinson,13566.0,1
Yvonne De Carlo,41240.0,1
Debra Paget,48958.0,1
John Derek,39608.0,1
Cedric Hardwicke,99461.0,1
Nina Foch,13026.0,2
Martha Scott,10022.0,1
Judith Anderson,3362.0,1
Olive Deering,100788.0,2
Douglass Dumbrille,34748.0,2
Frank De Kova,50574.0,1
Henry Wilcoxon,51310.0,2
Eduard Franz,94070.0,1
Donald Curtis,35847.0,1
Lawrence Dobkin,15625.0,1
H.B. Warner,33278.0,1
Julia Faye,130494.0,2
Lisa Mitchell,1763178.0,1
Noelle Williams,1763181.0,1
Joanna Merlin,11903.0,1
Pat Richard,1763182.0,1
Joyce van der Veen,1763183.0,1
Diane Hall,1763185.0,1
Abbas El Boughdadly,1763188.0,1
Fraser Clarke Heston,66076.0,1
John Miljan,90000.0,2
Francis McDonald,102327.0,2
Ian Keith,84230.0,1
Paul De Rolf,94317.0,1
Woody Strode,4963.0,3
Tommy Duran,94321.0,1
Eugene Mazzola,137205.0,1
Ramsay Hill,1080053.0,1
Joan Woodbury,89746.0,1
Esther Brown,1763193.0,1
Rushdy Abaza,129476.0,1
Dorothy Adams,3346.0,2
Eric Alden,1016571.0,1
E.J. André,198320.0,1
Babette Bain,1458725.0,1
Baynes Barron,93740.0,1
Kay Bell,1917953.0,1
Mary Benoit,1541925.0,1
Henry Brandon,30553.0,1
Robert Carson,121209.0,1
Bobby Clark,170573.0,1
Rus Conklin,31978.0,1
Mike Connors,29718.0,1
Edna Mae Cooper,148803.0,1
Kem Dibbs,94031.0,1
Maude Fealy,1467861.0,1
Gavin Gordon,2927.0,1
Diane Gump,1641187.0,1
Nancy Hale,168577.0,1
June Jocelyn,1014944.0,1
Richard Kean,1917958.0,1
Gail Kobe,1234573.0,1
Fred Kohler Jr.,538120.0,1
Kenneth MacDonald,103357.0,1
Peter Mamakos,88455.0,1
Irene Martin,1917965.0,1
John Merton,32206.0,1
Amena Mohamed,1917968.0,1
Paula Morgan,1917969.0,1
Dorothy Neumann,87752.0,1
John Parrish,144371.0,2
Rodd Redwing,102328.0,1
Addison Richards,97007.0,1
Keith Richards,120004.0,1
Hal Sherman,2137505.0,1
Marcoreta Starr,1758124.0,1
Onslow Stevens,89091.0,1
Clint Walker,40207.0,1
Amanda Webb,1641188.0,1
Frank Wilcox,34625.0,2
Jeane Wood,168064.0,1
Luis Alberni,30264.0,1
Lillian Albertson,1158826.0,1
Barbara Aler,2663309.0,1
William Bagdad,82783.0,1
Lesley-Marie Colburn,2663310.0,1
Fairy Cunningham,2663311.0,1
Kay Hammond,87858.0,1
Mary Ellen Kay,103102.0,1
Robert Vaughn,14060.0,1
Alan Wells,2744721.0,1
Cecil B. DeMille,8636.0,1
Richard Farnsworth,5605.0,2
Ofelia Guilmáin,950969.0,1
Erna Martha Bauman,105139.0,1
Mercedes Pascual,1482349.0,1
Virginia Gutiérrez,2076405.0,1
Beatriz Sheridan,975199.0,1
Enrique Lizalde,974624.0,1
Carmen Montejo,1032548.0,1
Brad Pitt,287.0,1
Orlando Bloom,114.0,1
Eric Bana,8783.0,1
Brian Cox,1248.0,1
Sean Bean,48.0,1
Brendan Gleeson,2039.0,1
Diane Kruger,9824.0,1
Peter O'Toole,11390.0,3
Rose Byrne,9827.0,1
Saffron Burrows,9825.0,1
Garrett Hedlund,9828.0,1
Vincent Regan,9831.0,2
Julie Christie,1666.0,1
Nathan Jones,24898.0,1
Mark Lewis Jones,185460.0,1
James Cosmo,2467.0,1
Nigel Terry,31431.0,1
Julian Glover,740.0,1
Trevor Eve,29407.0,1
Frankie Fitzgerald,930959.0,1
Lucie Barat,1453728.0,1
Siri Svegler,9830.0,1
Ken Bones,91662.0,1
Manuel Cauchi,121546.0,1
Owain Yeoman,61527.0,1
Tyler Mane,9832.0,1
Louis Dempsey,1084849.0,1
Joshua Richards,227418.0,1
Tim Chipping,1728023.0,1
Desislava Stefanova,2193566.0,1
Tanja Tzarovska,2193567.0,1
Luke Tal,2657701.0,1
Matthew Tal,2657703.0,1
Alex King,2969854.0,1
Adoni Maropis,20808.0,1
Guilherme Winter,1548848.0,1
Camila Rodrigues,1243806.0,1
Sergio Marone,1159980.0,1
Paulo Gorgulho,1184640.0,1
Giselle Itié,99414.0,1
Vera Zimmermann,1135410.0,1
Denise Del Vecchio,1267733.0,1
Zé Carlos Machado,144804.0,1
Larissa Maciel,1558760.0,1
Sidney Sampaio,1512532.0,1
Petrônio Gontijo,559725.0,1
Dylan Vox,76727.0,1
Lara Heller,1345954.0,1
Hachem Hicham,1943709.0,1
Eoin O'Brien,1602210.0,1
Jerzy Zelnik,7121.0,1
Barbara Brylska,22590.0,1
Krystyna Mikołajewska,40617.0,1
Ewa Krzyżewska,40619.0,1
Wiesława Mazurkiewicz,40622.0,1
Piotr Pawłowski,28712.0,1
Leszek Herdegen,1130975.0,1
Stanisław Milski,930838.0,1
Kazimierz Opaliński,7115.0,1
Mieczysław Voit,1096333.0,1
Alfred Lodzinski,1537612.0,1
Andrzej Girtler,2226033.0,1
Emir Buczacki,1390586.0,1
Józef Czerniawski,2241786.0,1
Edward Rączkowski,1548900.0,1
Bogdan Łysakowski,1138664.0,1
Hedy Lamarr,89088.0,1
George Sanders,3361.0,3
Angela Lansbury,14730.0,1
Fay Holden,117414.0,1
Russ Tamblyn,6725.0,1
William Farnum,78193.0,1
Lane Chandler,90369.0,1
Moroni Olsen,18586.0,1
William 'Wee Willie' Davis,96140.0,1
Arthur Q. Bryan,147117.0,1
Kasey Rogers,12505.0,1
Victor Varconi,117735.0,1
Russell Hicks,13969.0,1
Boyd Davis,331924.0,1
Bert Moorhouse,122984.0,1
Fritz Leiber,103176.0,1
Davison Clark,1075172.0,1
George Reeves,11496.0,1
Pedro de Cordoba,103493.0,1
Frank Reicher,3245.0,1
Colin Tapley,96743.0,1
Claire Du Brey,68653.0,1
Germán Valdés,585981.0,1
Ana Bertha Lepe,589792.0,1
Yolanda Varela,1052818.0,1
Elvira Quintana,1176416.0,1
Chelo Alonso,535685.0,1
Vira Silenti,33639.0,1
Angelo Zanolli,1188397.0,1
Federica Ranchi,1188398.0,1
Nino Musco,1082665.0,1
Zvonimir Rogoz,1031182.0,1
Ignazio Dolce,31992.0,3
Andrea Fantasia,946026.0,2
Petar Dobrić,1188399.0,1
Gregory Peck,8487.0,1
Susan Hayward,30124.0,1
Kieron Moore,101678.0,1
Raymond Massey,2669.0,1
James Robertson Justice,11130.0,1
Jayne Meadows,19415.0,1
John Sutton,100589.0,1
Dennis Hoey,25175.0,1
Francis X. Bushman,50837.0,1
George Zucco,30417.0,1
William Severn,1675048.0,1
Gwen Verdon,54122.0,1
Ben Cross,29068.0,1
Maria Grazia Cucinotta,10777.0,1
Stefania Rocca,15917.0,1
Vivica A. Fox,2535.0,1
Anouk Aimée,5682.0,1
Max von Sydow,2201.0,1
Umberto Orsini,27166.0,2
Richard Dillane,176227.0,1
Marta Zoffoli,1511147.0,1
Ivan Kaye,39683.0,1
G. W. Bailey,27237.0,1
Dexter Fletcher,974.0,1
Roger Hammond,27660.0,1
Michael Culkin,8445.0,1
Stefan Gubser,44460.0,1
Pete Lee-Wilson,24605.0,1
Ahmed Boulane,27664.0,1
Thom Hoffman,7572.0,1
Abderrahim Bargache,929542.0,1
Vadim Glowna,20016.0,1
Abdelkader Lofti,2920854.0,1
Rachid Fekkak,27657.0,1
Fengirou,2920855.0,1
Rachid El Ouali,1050865.0,1
Hassan El Fad,1587496.0,1
Mustapha Salamat,27674.0,1
Mohamed Benbrahim,568718.0,1
Mohamed Khyya,2920859.0,1
Mohamed Bensouda,27288.0,1
Adil El Hacium,2920864.0,1
Naïma Lamcharki,1201920.0,1
Larbi Sassi,2623863.0,1
Ibrahim Abbes,2920865.0,1
Nick Deal,1585176.0,1
Zaki Houari,27658.0,1
Saïda Baadi,1319206.0,1
Chakara Istissam,2920871.0,1
Lloyd Martin,2920873.0,1
Siham Assif,2088842.0,1
Mohamed Majd,130022.0,1
Emma Komlosy,2920874.0,1
Oliver Robsom,2920875.0,1
Gina Lollobrigida,19534.0,1
Marisa Pavan,117617.0,1
David Farrar,91617.0,2
John Crawford,15693.0,3
Finlay Currie,10027.0,2
Harry Andrews,19463.0,2
José Nieto,14822.0,2
Maruchi Fresno,1031918.0,1
William Devlin,552409.0,2
Jack Gwillim,13331.0,1
Jean Anderson,39028.0,1
Laurence Naismith,69764.0,1
Julio Peña,12742.0,2
Claude Dantes,99509.0,1
Félix de Pomés,89775.0,1
Alejandro Rey,83851.0,1
Anne Scott,2896433.0,1
Virgílio Teixeira,103469.0,3
Amin Zendegani,2693170.0,1
Mahmoud Pakniat,2049323.0,1
Elham Hamidi,1470016.0,1
Hossein Mahjoub,135901.0,1
Alireza Kamali,1588048.0,1
Zahra Saeidi,2673486.0,2
Mehdi Faghih,1701514.0,1
Javad Taheri,1261852.0,1
Sirous Saber,2698970.0,1
Yousef Bakhtiari,2680211.0,1
Ali Bokaeian,2698971.0,1
Zhale Olov,2181506.0,1
John Ericson,41231.0,1
Renzo Ricci,231979.0,1
Gianni Rizzo,132488.0,1
Germano Longo,19585.0,2
John Bartha,5816.0,1
Nino Di Napoli,45985.0,1
Valérie Camille,1206571.0,1
Mario Laurentino,2087999.0,1
Piero Pastore,1139841.0,1
Mario Passante,5409.0,1
Ugo Sasso,46546.0,2
Annamaria Ubaldi,1206572.0,1
Harold Bradley,1046594.0,2
Antonio Corevi,91817.0,1
Lucio De Santis,1121968.0,1
Charles Fawcett,101591.0,2
Massimo Giuliani,1361467.0,1
Umberto Silvestri,1111036.0,1
José Torres,88687.0,1
Aldo Vasco,119433.0,1
Lorena Velázquez,105127.0,1
Tere Velázquez,231957.0,1
Wolf Ruvinskis,102304.0,1
Alex Johnson,2577427.0,1
Luis Induni,31753.0,1
Leandro Vizcaíno,2362549.0,1
Juanita Crespi,2917945.0,1
Carolina Jiménez,565851.0,1
J. Olivier,2917946.0,1
Juan Monfort,1881005.0,1
Victor Ruiz,2917947.0,1
Víctor Vyo,2917948.0,1
María Antonia Palmer,1916109.0,1
Julio Albadalejo,2917951.0,1
Clotilde Gijón,2903215.0,1
Marín Rodríguez,2917952.0,1
Salvador Torruella,2917953.0,1
Ángel Lombarte,237354.0,1
Alessandro Borghi,1395660.0,1
Alessio Lapice,1880993.0,1
Fabrizio Rongione,70312.0,1
Massimiliano Rossi,1668746.0,1
Tania Garribba,1912247.0,1
Lorenzo Gleijeses,2132130.0,1
Vincenzo Crea,1706380.0,1
Max Malatesta,1272358.0,1
Fiorenzo Mattu,1919887.0,1
Gabriel Montesi,2197426.0,1
Antonio Orlando,2232352.0,1
Vincenzo Pirrotta,1998365.0,1
Michael Schermi,583820.0,1
Ludovico Succio,1345542.0,1
Martinus Tocchi,2197428.0,1
Marina Occhionero,1932376.0,1
Danilo Sarappa,2316732.0,1
Federico Diust,2316733.0,1
Emilio De Marchi,118586.0,1
Marzia Pellegrino,2316734.0,1
Ludovico Micara,2316735.0,1
Nina Fotaras,2251146.0,1
Luca Elmi,2016273.0,1
Riccardo Mioni,1060274.0,1
Steve Reeves,39162.0,3
Gordon Scott,129313.0,3
Virna Lisi,31895.0,1
Franco Volpi,50008.0,2
Massimo Girotti,18340.0,1
Jacques Sernas,102026.0,3
Laura Solari,1315106.0,1
Ornella Vanoni,1265935.0,1
Enrico Montesano,21237.0,1
Pippo Franco,129589.0,1
Gabriella Ferri,1668790.0,1
Maurizio Arena,131306.0,1
Maria Grazia Buccella,98790.0,1
Oreste Lionello,103115.0,1
Roger Moore,10222.0,2
Mylène Demongeot,19646.0,2
Jean Marais,9741.0,1
Rosanna Schiaffino,30927.0,1
Scilla Gabel,57497.0,1
Marino Masé,39151.0,1
Giorgia Moll,3786.0,1
Folco Lulli,2568.0,2
Luisa Mattioli,1157919.0,1
Francis Blanche,39645.0,1
Nietta Zocchi,228863.0,1
Dina De Santis,1042793.0,1
Claude Cory,1880879.0,1
Walter Barnes,33544.0,1
Rhonda Fleming,10160.0,2
Ricardo Montalban,1793.0,1
Roldano Lupi,33638.0,1
Carlo Ninchi,225484.0,1
Tamara Lees,236562.0,1
Armando Annuale,1560722.0,1
Richard Conte,3090.0,1
Linda Christian,117112.0,1
Maurice Schwartz,1053958.0,1
Terry Kilburn,81933.0,1
Leslie Bradley,102746.0,1
Ruth Storey,87687.0,1
Ric Roman,124847.0,1
Robert Griffin,136126.0,2
Beatrice Maude,1489284.0,1
Wheaton Chambers,32221.0,1
Paul Purcell,1184609.0,1
Julie Newmar,15973.0,2
José Greci,1046559.0,1
Giuliano Gemma,15139.0,1
Erno Crisa,37728.0,2
Mimmo Palmara,22477.0,2
Livio Lorenzon,5817.0,1
Paul Müller,101549.0,1
Jacques Herlin,6784.0,1
Alfio Caltabiano,1125205.0,2
Arnaldo Fabrizio,1191216.0,1
Calisto Calisti,1072166.0,1
Nello Pazzafini,32679.0,3
Emilio Messina,1127104.0,1
Gianni Di Segni,3330610.0,1
Geneviève Grad,39092.0,1
Andrea Scotti,128435.0,1
Célina Cély,548322.0,1
Moira Orfei,32379.0,2
Louis Jourdan,10508.0,1
Sylvia Syms,15736.0,1
Jean Chevrier,543751.0,1
Nicole Courcel,112198.0,1
Ettore Manni,563809.0,2
Paola Falchi,1145705.0,1
Renaud Mary,251083.0,1
Michel Piccoli,3784.0,1
Corrado Pani,123910.0,2
Nicolas Vogel,39956.0,1
María Luisa Rolando,1145706.0,1
Carlo Giustini,46545.0,1
Sergio Fantoni,34596.0,2
Daniela Rocca,83461.0,3
Philippe Hersent,50780.0,1
Alberto Lupo,89125.0,1
Gianni Loti,1060041.0,1
Daniele Vargas,39020.0,1
Ivo Garrani,84251.0,2
Sergio Ciani,1034608.0,1
Ignazio Balsamo,1082124.0,1
Gérard Herter,80692.0,1
Rinaldo Zamperla,50787.0,2
Richard Egan,93105.0,2
Ralph Richardson,12689.0,1
Diane Baker,6930.0,1
Barry Coe,16199.0,1
Donald Houston,38358.0,1
Anna Synodinou,93956.0,1
Robert Brown,10513.0,1
Gerard Butler,17276.0,1
Lena Headey,17286.0,2
Dominic West,17287.0,1
David Wenham,1371.0,2
Michael Fassbender,17288.0,1
Tom Wisdom,17292.0,1
Stephen McHattie,230.0,1
Andrew Tiernan,17290.0,2
Andrew Pleavin,17291.0,2
Rodrigo Santoro,17289.0,2
Giovani Cimmino,17293.0,1
Tyler Neitzel,17294.0,1
Eli Snyder,963118.0,1
Tim Connolly,1089920.0,2
Marie-Julie Rivest,181248.0,1
Peter Mensah,68278.0,2
Arthur Holden,115596.0,1
Michael Sinelnikoff,29463.0,1
Kelly Craig,1089919.0,1
Greg Kramer,306574.0,1
Alex Ivanovici,96594.0,1
Tom Rack,1330747.0,1
David Francis,119708.0,1
James Bradford,29468.0,1
Sebastian St. Germain,1089921.0,1
John Dunn-Hill,218899.0,1
Dennis St John,1089927.0,1
Neil Napier,105496.0,1
Dylan Smith,47934.0,1
Maurizio Terrazzano,125686.0,1
Robert Paradis,1089928.0,1
Kwasi Songui,207881.0,1
Alexandra Beaton,1089929.0,1
Frédéric Smith,1089930.0,1
Loucas Minchillo,1330745.0,1
Nicholas Minchillo,1330746.0,1
Andrew Shaver,90467.0,1
Marcel Jeannin,143395.0,1
Jere Gillis,1330749.0,1
Robin Wilcock,1142866.0,1
Jeremy Thibodeau,1330750.0,1
Tyrone Benskin,181247.0,1
Robert Maillet,112692.0,1
Patrick Sabongui,102742.0,1
David Schaap,1177316.0,1
Leon Laderach,1330751.0,1
Dave Lapommeray,1330752.0,1
Vervi Mauricio,1330753.0,1
Charles Papasoff,1330754.0,1
Isabelle Champeau,1330755.0,1
Veronique Natalie Szalankiewicz,1203045.0,1
Maéva Nadon,1177458.0,1
David Thibodeau,1330757.0,1
Jean Michel Paré,70786.0,1
Stewart Myiow,1330758.0,1
Andreanne Ross,1330759.0,1
Sara Giacalone,1330760.0,1
Ariadne Bourbonnière,1330762.0,1
Isabelle Fournel,1330764.0,1
Sandrine Merette-Attiow,1330766.0,1
Danielle Hubbard,190088.0,1
Elisabeth Etienne,2603206.0,1
Ruan Vibegaard,1330768.0,1
Genevieve Guilbault,1330769.0,1
Bonnie Mak,1330770.0,1
Amélie Sorel,84586.0,1
Caroline Aspirot,1330771.0,1
Gina Gagnon,1330772.0,1
Tania Trudel,1330773.0,1
Stéphanie Aubry,1297965.0,1
Mercedes Leggett,119250.0,1
Stephania Gambaroff,1330774.0,1
Chanelle Lamothe,1330775.0,1
Sabrina-Jasmine Guilbault,1330776.0,1
Manny Cortez Tuazon,1330777.0,1
Atif Y. Siddiqi,1330778.0,1
Camille Rizkallah,1330779.0,1
Trudi Hanley,1330780.0,1
Neon Cobran,1330781.0,1
Gary A. Hecker,1077782.0,1
Deke Richards,101218.0,1
Darren Shahlavi,60652.0,1
Marc Trottier,101253.0,1
Duy Vo Van,1330783.0,1
Agnieshka Wnorowska,1330784.0,1
David Leitch,40684.0,1
Sean Maguire,52262.0,1
Carmen Electra,28639.0,1
Ken Davitian,6734.0,1
Kevin Sorbo,51965.0,1
Diedrich Bader,5727.0,1
Method Man,5384.0,1
Ike Barinholtz,198150.0,1
Lauren Walsh,78263.0,1
Tiffany Haddish,1230868.0,1
Travis Van Winkle,74290.0,1
Jareb Dauplaise,205267.0,1
Phil Morris,56853.0,1
Jim Piddock,120560.0,1
Nicole Parker,211662.0,1
Crista Flanagan,58957.0,1
Hunter Clary,205263.0,1
Emily Wilson,1183675.0,1
John Di Domenico,1114054.0,1
Belinda Waymouth,1635985.0,1
Jesse Lewis IV,1750429.0,1
Zachary Dylan Smith,1215030.0,1
Ryan Fraley,1319795.0,1
Tiffany Claus,2479210.0,1
Nick Steele,181685.0,1
Jim Nieb,1278393.0,1
Dean Cochran,105686.0,1
Nate Haden,1233143.0,1
Tony Yalda,205954.0,1
Jessica Heap,450660.0,1
Robin Atkin Downes,130081.0,1
Martin Klebba,4030.0,1
Sullivan Stapleton,38664.0,1
Eva Green,10912.0,1
Callan Mulvey,208296.0,1
Jack O'Connell,85065.0,1
Ashraf Barhom,766.0,1
Hans Matheson,37168.0,1
Ben Turner,1261071.0,1
Christopher Boyer,153946.0,1
Fred Ochs,211593.0,1
Price Carson,36060.0,1
John Michael Herndon,1394772.0,1
David Pevsner,177099.0,1
Peter Ferdinando,109833.0,1
Igal Naor,41316.0,1
Luke Roberts,214581.0,1
George Georgiou,570010.0,1
Farshad Farahat,1402460.0,1
Christopher Sciueref,1440871.0,1
Steven Cree,1102427.0,1
Caitlin Carmichael,966753.0,1
Jade Chynoweth,1622651.0,1
Kevin Fry,156274.0,1
David Sterne,117654.0,1
Gregor Truter,214794.0,1
Vincent Walsh,190908.0,1
Nick Court,1622654.0,1
Mark Killeen,142290.0,1
Stefan Ivanov,1600895.0,1
Atanas Srebrev,67247.0,1
Mark Aaron Wagner,1622657.0,1
Nancy McCrumb,1251373.0,1
Bo Roberts,1622671.0,1
Gregory Shelby,1574987.0,1
Wayne Dalglish,1226495.0,1
Velimir Velev,1818131.0,1
Dimo Alexiev,1000981.0,1
Georgi Stanislavov,1701655.0,1
Dimiter Doichinov,1350263.0,1
Velizar Peev,559374.0,1
Aleksandar Belovski,2575297.0,1
Jen Lilley,210344.0,1
Jennifer Lyons,63470.0,1
Robert Miano,62715.0,1
Thaao Penghlis,160301.0,1
Louise Lombard,20805.0,1
Ornella Muti,27163.0,1
F. Murray Abraham,1164.0,1
Jürgen Prochnow,920.0,1
Thomas Kretschmann,3491.0,1
John Hollis,27165.0,1
Phil Davies,27167.0,1
Natasha Williams,27168.0,1
Peter Halliday,27169.0,1
Christopher Ettridge,25674.0,2
Darren Bransford,27170.0,1
Nicola Harrington,27171.0,1
Peter Guinness,27172.0,1
Bruce Purchase,27173.0,1
Ilza Prestinari,27174.0,1
Hassani Shapi,27175.0,1
Karl Geary,27176.0,1
Marco Bonini,27177.0,1
Zakaria Atifi,2215967.0,1
Renato Scarpa,14149.0,2
Frank Baker,1706797.0,1
Soumaya Akaaboune,122311.0,1
Abdelmajid Lahssini,2922151.0,1
Mohamed Mehdi,2922152.0,1
Hanane Rag,2922153.0,1
Joan Collins,13637.0,1
Denis O'Dea,85410.0,1
Rik Battaglia,5565.0,3
Renato Baldini,33549.0,2
Gabriele Tinti,31991.0,1
Robert Buchanan,1575396.0,1
Tiffany Dupont,87431.0,1
Luke Goss,10843.0,1
John Noble,1381.0,1
John Rhys-Davies,655.0,1
James Callis,9145.0,1
Tom 'Tiny' Lister Jr.,8396.0,1
Javen Campbell,1077930.0,1
Jyoti Dogra,964980.0,1
Neal Bhattacharya,1077931.0,1
Jonah Lotan,1231512.0,1
Dilshad Patel,966629.0,1
Nimrat Kaur,1077932.0,1
Takesh Singh,1077933.0,1
Denzil Smith,933391.0,1
Asif Basra,53107.0,1
Tom Alter,1246733.0,1
Indraneel Bhattacharya,1252557.0,1
Alyy Khan,81837.0,1
Mike Gwilym,26675.0,1
Juliet Stevenson,6238.0,1
Amanda Redman,70633.0,1
Patrick Allen,73980.0,1
Patrick Godfrey,3568.0,1
Norman Rodway,14818.0,1
Annette Crosbie,55688.0,1
Edward Petherbridge,1220073.0,1
John Woodvine,14465.0,1
Edita Brychta,59049.0,1
Robert Ashby,202494.0,1
John Bardon,1214095.0,1
Peter Gordon,1927159.0,1
Iain Mitchell,71584.0,1
Toby Salaman,1517240.0,1
Christopher Saul,1576858.0,1
Gordon Gostelow,135100.0,1
Richard Derrington,2048718.0,1
Roger Bizley,2227425.0,1
Christopher Ravenscroft,1220062.0,1
Malcolm Kaye,1539378.0,1
Adam Kurakin,1402849.0,1
Edward Clayton,1687605.0,1
Stephen Oxley,1540891.0,1
Valerie Lush,1545656.0,1
Clive Swift,33108.0,1
Nick Brimble,8319.0,1
Trevor Peacock,42996.0,1
Lila Kaye,14466.0,1
Patrick Ryecart,186269.0,1
Frances Kelly,2227426.0,1
Rodney James,2227427.0,1
Jinty Coventry,2227428.0,1
Mandy Demetriou,2227429.0,1
Chris Moppett,2227430.0,1
Jenny Karezi,1119889.0,1
Kostas Kazakos,135664.0,1
Anna Fonsou,1119887.0,1
Dionysis Papagiannopoulos,932888.0,1
Anna Matzourani,1119900.0,1
Spyros Konstadopoulos,1352405.0,2
Maria Marmarinou,1352406.0,1
Vangelis Kazan,10333.0,1
Giorgos Konstantinou,147220.0,1
Katia Dandoulaki,26697.0,1
Thymios Karakatsanis,1035819.0,1
Vasilis Mitsakis,1121078.0,1
Nikos Vastardis,1445088.0,1
Makis Demiris,1312583.0,1
Theodoros Katsadramis,1312754.0,1
Petros Lohaitis,1330444.0,1
Christos Kalavrouzos,1144911.0,1
Olga Politou,1301104.0,1
Giorgos Marinos,1455489.0,1
Dinos Doulgerakis,1146433.0,1
Vangelis Traiforos,2041919.0,1
Aggela Kazakidou,1663298.0,1
Geraldine Page,41283.0,1
Anthony Quayle,14371.0,1
Christopher Walken,4690.0,1
Jean Sylvère,579419.0,1
Anne Caprile,1068815.0,1
Giuseppe Mannajuolo,239659.0,1
Ricardo Palacios,32130.0,1
Antonio Medina,1068818.0,1
Lucas Belvaux,25854.0,1
Jean Benguigui,35899.0,1
Philippe Khorsand,24464.0,1
Renato Cortesi,103120.0,1
Ugo Tognazzi,32312.0,1
Roger Van Hool,28190.0,1
Jean-Pierre Kalfon,16350.0,1
Farid Chopel,70427.0,1
Sean Connery,738.0,1
Margaretta Scott,33268.0,1
William Russell,32041.0,1
Lyndon Brook,88663.0,1
Paul Stassino,125908.0,1
Alan Tilvern,12828.0,1
Alex Scott,65024.0,1
Edward Cast,1484587.0,1
Michael Brennan,119667.0,1
Noel Hood,30191.0,1
Walter Brown,1407815.0,1
Bandana Das Gupta,1555392.0,1
Tutte Lemkow,1231662.0,1
Walter Randall,1230565.0,1
Richard Burton,5341.0,2
Fredric March,13576.0,1
Claire Bloom,29545.0,1
Barry Jones,48959.0,1
Stanley Baker,67449.0,1
Niall MacGinnis,93163.0,1
Peter Cushing,5.0,1
Michael Hordern,39741.0,2
Danielle Darrieux,236016.0,1
Peter Wyngarde,22529.0,1
William Squire,16271.0,1
Carlos Baena,1130461.0,1
Marisa de Leza,227994.0,1
Gustavo Rojo,30830.0,2
Rubén Rojo,105149.0,1
Helmut Dantine,4122.0,1
Friedrich von Ledebur,91971.0,1
Teresa del Río,1035307.0,1
Larry Taylor,83134.0,1
José Marco,100690.0,1
Ricardo Valle,98758.0,1
Carmen Carulla,2028793.0,1
Jesús Luque,2028794.0,1
Ramsay Ames,103347.0,1
Ellen Rossen,2028795.0,1
Carlos Acevedo,1008404.0,1
Jeanne Valérie,133053.0,1
Arnoldo Foà,84250.0,1
Riccardo Garrone,5968.0,1
Kamala Devi,117144.0,1
Brunella Bovo,937248.0,1
Andrea Aureli,142134.0,3
Ivano Staccioli,85984.0,1
Antonio Basile,32680.0,1
Pasquale Basile,237342.0,1
Vittorio Duse,32676.0,1
Franco Franchi,127040.0,1
Ferdinando Poggi,114645.0,2
Faustone Signoretti,1979911.0,1
Rory Calhoun,19181.0,1
Lea Massari,20882.0,1
Georges Marchal,9767.0,2
Conrado San Martín,98756.0,2
Ángel Aranda,98487.0,1
Mabel Karr,98747.0,1
Roberto Camardiel,97114.0,1
George Rigaud,31695.0,1
Yann Larvor,2348296.0,1
Félix Fernández,937062.0,1
Antonio Casas,103529.0,1
Fernando Calzado,1179716.0,1
Arturo Cabré,2498920.0,1
Álvaro de Luna,228494.0,1
Ángel Menéndez,99560.0,1
Gustavo Re,40975.0,1
José María Vilches,2182929.0,1
Shintarō Katsu,80704.0,1
Fujiko Yamamoto,97209.0,1
Ken Utsui,78496.0,1
Hiroshi Kawaguchi,554323.0,1
Ayako Wakao,97210.0,1
Kōjirō Hongō,111948.0,1
Raizō Ichikawa,128022.0,1
Isuzu Yamada,33761.0,1
Eijirō Tōno,106165.0,1
Gai Harada,554324.0,1
Kazuo Hasegawa,97207.0,1
Junko Kano,554325.0,1
Machiko Kyō,7451.0,1
Ken Mitsuda,134321.0,1
Ganjirô Nakamura II,1378968.0,1
Esther Williams,129520.0,1
Howard Keel,39601.0,1
Marge Champion,148669.0,1
Gower Champion,118222.0,1
Richard Haydn,29283.0,1
William Demarest,21510.0,1
Norma Varden,10926.0,1
Lovyss Bradley,569321.0,1
Gabriele Ferzetti,4961.0,1
Rita Gam,120391.0,1
Milly Vitale,94314.0,1
Franco Silva,37773.0,1
Terence Hill,15140.0,2
Mirko Ellis,140436.0,1
Renzo Cesana,110205.0,1
Bud Spencer,18841.0,1
Pina Bottin,1127310.0,1
Piero Mitri,2533008.0,1
Mario Pisu,39019.0,1
Franco Dominici,2533009.0,1
Enzo Fiermonte,39165.0,2
Andrea Esterhazy,39431.0,1
Piero Tiberi,587453.0,1
Bruno Ariè,1140892.0,1
Marcello Mastroianni,5676.0,1
Silvana Mangano,12520.0,1
Vittorio Gassman,12259.0,1
Ruggero Mastroianni,32053.0,1
Turi Ferro,50003.0,1
Brad Harris,37722.0,2
Mara Lane,48018.0,1
Pierre Brasseur,24476.0,1
Daniel Gélin,24814.0,1
Anne Heywood,32913.0,1
Aldo Silvani,5404.0,1
Ilaria Occhini,24424.0,1
Paolo Stoppa,4962.0,1
José Suárez,42014.0,1
Gianrico Tedeschi,21238.0,1
Cesare Fantoni,950131.0,1
Fortunato Arena,144612.0,1
Audrey McDonald,1736893.0,1
Abbe Lane,162246.0,1
Franca Parisi,89127.0,1
Silvana Jachino,351074.0,1
Massimo Carocci,1052770.0,1
Ignazio Leone,144994.0,2
Fedele Gentile,1046563.0,1
Rosanna Fattori,1187442.0,1
Kirk Douglas,2090.0,1
Laurence Olivier,3359.0,1
Charles Laughton,10921.0,1
John Gavin,7304.0,1
John Ireland,14502.0,1
Herbert Lom,14503.0,1
John Dall,14504.0,1
Harold J. Stone,14505.0,1
Charles McGraw,8233.0,1
Joanna Barnes,14506.0,1
Peter Brocco,7074.0,1
Paul Lambert,14507.0,1
Robert J. Wilke,2096.0,1
Nick Dennis,2757.0,1
John Hoyt,14508.0,2
Frederick Worlock,14509.0,1
Tony Curtis,3150.0,1
Paul Baxley,1433439.0,1
Louie Elias,1190650.0,1
Hubie Kerns,1433453.0,1
Regis Parton,1244683.0,1
Victor Paul,1231235.0,1
Jack Perkins,1217498.0,1
Wally Rose,165973.0,1
Aaron Saxon,1467009.0,1
Tom Steele,34101.0,1
Jerry Summers,174356.0,1
Shari Lee Bernath,50575.0,1
Bill Blackburn,1214943.0,1
David Bond,105572.0,1
Polly Burson,562715.0,1
Carol Daniels,1088497.0,1
Lila Finn,999656.0,1
Harold Goodwin,80545.0,1
Sol Gorss,2659.0,1
Betty Harford,1234570.0,1
Harry Harvey Jr.,118638.0,1
Wayne Heffley,161741.0,1
Charles Horvath,151463.0,1
Shep Houghton,1468755.0,1
Pete Kellett,138378.0,1
Joan McKellen,1482454.0,1
Eddie Parker,34103.0,1
Gil Perkins,1214919.0,1
Chuck Roberson,50310.0,1
Frosty Royce,1300131.0,1
Autumn Russell,1062053.0,1
Kay Stewart,178336.0,2
Helen Thurston,7345.0,1
Louise Vincent,185265.0,1
Joe Canutt,217763.0,1
Bill Catching,1417620.0,1
Chuck Courtney,95742.0,1
Chuck Hayward,114232.0,1
Robert F. Hoy,151442.0,1
Valley Keene,1358474.0,1
George Kennedy,12950.0,1
Cliff Lyons,190775.0,1
Bill Raisch,1242437.0,1
Buddy Van Horn,66226.0,1
Jack Williams,209585.0,1
Paul E. Burns,96302.0,1
Wayne Burson,160426.0,1
Dick Crockett,14256.0,1
John Daheim,91218.0,1
Carey Loftin,12431.0,1
Harvey Parry,4130.0,1
Ronnie Rondell Jr.,161824.0,1
Don Turner,940651.0,1
Peter Virgo,81973.0,1
Fred Zendar,184662.0,1
Ted de Corsia,2097.0,1
Terence de Marney,100790.0,1
Johnny Duncan,1061015.0,1
Roy Engel,100582.0,1
Paul Keast,1338752.0,1
Kenner G. Kemp,1130451.0,1
Otto Malde,1423324.0,1
Scott Seaton,1364421.0,1
Logan Field,151528.0,1
John Stephenson,15869.0,1
Robert Fuller,38129.0,1
Jeanne Gerson,1076619.0,1
Seamon Glass,153393.0,1
Preston Peterson,1287916.0,1
George Robotham,34131.0,1
James Griffith,3347.0,1
Jack Grinnage,2788.0,1
Anthony Jochim,94205.0,1
Joe Haworth,159549.0,1
Vinton Hayworth,153309.0,1
Loren Janes,951607.0,1
Jil Jarmyn,246269.0,1
Aron Kincaid,98169.0,1
Dayton Lummis,88887.0,1
Bob Morgan,190776.0,1
Tracy Olsen,135069.0,1
Leonard Penn,144381.0,1
Vic Perrin,15949.0,1
Larry Thor,85774.0,1
Dale van Sickel,34094.0,1
Carleton Young,2098.0,1
Duke Fishman,1547818.0,1
Robert Stevenson,1591738.0,1
John Barton,1600055.0,1
Jerry Brown,1600058.0,1
John Benson,1559631.0,1
Rossana Podestà,128330.0,1
Guy Madison,40201.0,1
Giacomo Rossi-Stuart,22479.0,1
Mirko Boman,63884.0,1
Goffredo Unger,100956.0,1
Gianna Maria Canale,57472.0,1
Claudio Gora,32677.0,1
Ombretta Colli,101114.0,1
Roland Bartrop,153154.0,1
Franco Balducci,29431.0,1
Gloria Parri,2212311.0,1
Ahmed Ramzy,1233926.0,1
Claude Rains,4113.0,1
Vivien Leigh,10538.0,1
Stewart Granger,41235.0,1
Flora Robson,30126.0,1
Francis L. Sullivan,93900.0,1
Basil Sydney,50998.0,1
Cecil Parker,14300.0,1
Raymond Lovell,115376.0,1
Anthony Eustrel,143579.0,1
Ernest Thesiger,2925.0,1
Anthony Harvey,12009.0,1
Robert Adams,106991.0,1
Olga Edwardes,601629.0,1
Stanley Holloway,12727.0,1
Michael Rennie,12282.0,1
Esme Percy,47668.0,1
Leo Genn,29655.0,1
Alan Wheatley,97245.0,1
Charles Victor,97425.0,1
Ronald Shiner,592570.0,1
John Laurie,3673.0,1
James McKechnie,146551.0,1
Anthony Holles,95028.0,1
John Bryning,1053796.0,1
Charles Rolfe,1196677.0,1
Felix Aylmer,85345.0,1
Ivor Barnard,89209.0,1
Valentine Dyall,47480.0,1
Charles Deane,1100722.0,1
B.Q. Alakija,2526151.0,1
Chick Alexander,2376570.0,1
Hylton Allen,1556302.0,1
Renée Asherson,20055.0,1
Marie Ault,27911.0,1
Peter Bayliss,192856.0,1
André Belhomme,2526153.0,1
Agnes Bernelle,1236748.0,1
June Black,2526154.0,1
Mary Boyle,2526155.0,1
Dorothy Bramhall,224019.0,1
Bernard Bright,2526156.0,1
Olwen Brookes,1386385.0,1
Ena Burrill,2526157.0,1
Mihalis Kakogiannis,65843.0,1
Alice Calvert,2526158.0,1
Cecil Calvert,2526160.0,1
Bob Cameron,1798212.0,1
Jill Carpenter,2526162.0,1
Gerald Case,224018.0,1
O.B. Clarence,558276.0,1
Paul Croft,1555948.0,1
Jackie Daniels,1846832.0,1
Ronald Davidson,2526164.0,1
Anna Davis,2526165.0,1
Daphne Day,2526166.0,1
Bernard de Gautier,2526168.0,1
Nantando de Villiers,2526169.0,1
Roy Ellett,2526170.0,1
Lilla Erulkar,2526171.0,1
Margaret Fernald,2526172.0,1
Ingrid Forrest,2058261.0,1
Harold Franklyn,2526174.0,1
Toni Gable,1533981.0,1
Gordon Gantry,2526175.0,1
Renee Gilbert,2526176.0,1
Babette Griffin,2526177.0,1
Kathleen Harrison,96421.0,1
Margaret Harvey,2526178.0,1
Michael Martin Harvey,1198648.0,1
Billy Holland,1177626.0,1
Jean Hulley,2526179.0,1
Hamilton Humphries,2526180.0,1
Moya Iles,2526181.0,1
Basil Jayson,2526182.0,1
Virginia Keiley,1126706.0,1
Frederick Kelsey,2526184.0,1
Gerhard Kempinski,936930.0,1
Kay Kendall,142385.0,1
Don Kenito,2526187.0,1
Rita Lancaster,2526188.0,1
Harry Lane,1065258.0,1
Hilda Lawrence,2526189.0,1
Alan Lewis,1463137.0,1
Peter Lilley,2526191.0,1
Leonard Llewellyn,2526192.0,1
Peter Lord,2526193.0,1
George Luck,2526194.0,1
Mary Macklin,2526195.0,1
H.F. Maltby,27947.0,1
Zena Marshall,9875.0,1
Gibb McLaughlin,109864.0,1
Barry Meaton,2526196.0,1
Mary Midwinter,2526197.0,1
Roma Milne,2513691.0,1
Charles Minor,2526198.0,1
Anne Moore,2526199.0,1
Cathleen Nesbitt,46098.0,1
Shaun Noble,153026.0,1
Louise Nolan,2526200.0,1
Charles Paton,7382.0,1
Ingrid Puxon,2526201.0,1
Jean Richards,1198204.0,1
Princess Roshanara,2526202.0,1
Roy Russell,588602.0,1
Anne Sassoon,2526203.0,1
Eve Smith,1178195.0,1
Don Stannard,146946.0,1
Russell Thorndike,84283.0,1
Ludwig von Wohl,28121.0,1
Abdul Wahab,1809366.0,1
C. Jervis Walter,2526204.0,1
Wilfred Walter,97237.0,1
Mackenzie Ward,592393.0,1
Jeanee Williams,2526205.0,1
Pascale Petit,36211.0,1
George Ardisson,38098.0,1
Ennio Balbo,1049841.0,1
Aurora de Alba,97631.0,1
Nando Angelini,89283.0,1
Barbara Loy,1121924.0,1
Nino Marchetti,1262842.0,1
Barbara Nardi,2960607.0,1
Akim Tamiroff,30719.0,1
Giovanni Cianfriglia,50745.0,1
Benito Stefanelli,4661.0,1
Loray White,1776736.0,1
Johnny Rocco,1135664.0,1
Jay Edwards,194760.0,1
Dixie Donovan,1063501.0,1
John Vincent,1085233.0,1
Christopher Stone,1288337.0,1
Ronald South,558560.0,1
Larry Martinelli,1112210.0,1
James Brand,1302662.0,1
Frank Cuva,1174845.0,1
Suzanne Fields,33567.0,1
Neola Graef,1262567.0,1
Casey Larrain,100163.0,1
Cheryl Powell,1122862.0,1
Marcella Petrelli,1174243.0,1
Rita Silva,1148749.0,1
Jacques Stany,93126.0,1
Andrea Coppola,230677.0,1
Venantino Venantini,22312.0,1
Mónica Zanchi,100425.0,1
Maurizio Faraoni,1604910.0,1
Paul Branco,1604911.0,1
Franca Torlone,1604912.0,1
Jac Perac,1604913.0,1
Filippo Perrone,1046523.0,1
Annie Trevilly,1604914.0,1
Monica Ciprari,1604915.0,1
Flo Astair,1604916.0,1
Alessandra Tani,1604917.0,1
Laura Angeli,1604918.0,1
Nadine Raussiel,1604919.0,1
Antonio Spinnato,1604920.0,1
Laura De Benedittis,102166.0,1
David Calder,10779.0,1
Michelle Fairley,20057.0,1
David Morrissey,18616.0,1
Ben Whishaw,17064.0,1
Wendy Kweh,1229288.0,1
Leaphia Darko,2864248.0,1
Fred Fergus,1890458.0,1
Kit Young,2361755.0,1
Mark Penfold,1190990.0,1
Adjoa Andoh,109651.0,1
Nick Sampson,1205267.0,1
Leila Farzad,2044882.0,1
Hannah Stokely,1906029.0,1
Abraham Popoola,1432064.0,1
Sid Sagar,1821649.0,1
Rosie Ede,1737976.0,1
Zachary Hart,2671425.0,1
Kheiron,1333461.0,1
Thierry Lhermitte,21177.0,1
Gérard Darmon,47337.0,1
Ramzy Bedia,67714.0,1
Pierre Richard,24501.0,1
Reem Kherici,583687.0,1
Artus,1562548.0,1
Issa Doumbia,582045.0,1
Bérengère Krief,1179907.0,1
Eye Haïdara,149989.0,1
Lina El Arabi,1686837.0,1
Youssef Hajdi,458904.0,1
Antoine Bertrand,90681.0,1
Pascal Demolon,1033622.0,1
Marc Zinga,578512.0,1
David Salles,130454.0,1
Guillermo Guiz,1807069.0,1
Jérémy Ferrari,1184761.0,1
Hamza Boumalki,1796052.0,1
Laura Laune,1562546.0,1
Falou Niang,3227888.0,1
Sid James,40952.0,1
Kenneth Williams,40941.0,1
Jim Dale,40945.0,1
Amanda Barrie,40961.0,1
Joan Sims,40949.0,1
Kenneth Connor,40962.0,1
Charles Hawtrey,40944.0,1
Julie Stevens,40963.0,1
Brian Oulton,40964.0,1
Michael Ward,30581.0,1
Francis de Wolff,9899.0,1
Victor Maddern,40965.0,1
Sheila Hancock,93839.0,1
Jon Pertwee,40960.0,1
Wanda Ventham,100099.0,1
Ralph Fiennes,5469.0,1
Sophie Okonedo,2598.0,1
Tim McMullan,15740.0,1
Tunji Kasim,1662006.0,1
Nicholas Le Prevost,183785.0,1
Hannah Morrish,1875258.0,1
Sargon Yelda,1599247.0,1
Fisayo Akinade,1611987.0,1
Gloria Obianyo,1982903.0,1
Georgia Landers,2631971.0,1
Gerald Gyimah,2190321.0,1
Sam Woolf,1794806.0,1
Waleed Hammad,2190322.0,1
Alexander Cobb,1430435.0,1
Hiba Elchikhe,2190319.0,1
Elizabeth Taylor,3635.0,1
Rex Harrison,35321.0,1
Pamela Brown,53818.0,1
George Cole,47722.0,1
Hume Cronyn,7668.0,1
Cesare Danova,2558.0,1
Andrew Keir,53815.0,1
Martin Landau,2641.0,1
Roddy McDowall,7505.0,1
Robert Stephens,41957.0,1
Francesca Annis,12513.0,1
Grégoire Aslan,53819.0,1
Martin Benson,9912.0,1
John Doucette,34130.0,1
Carroll O'Connor,26512.0,1
Andrew Faulds,14823.0,1
Michael Gwynn,30705.0,1
Peter Grant,1138707.0,1
Marne Maitland,67882.0,1
Richard O'Sullivan,173020.0,1
Gwen Watford,47478.0,1
Douglas Wilmer,89065.0,1
Marie Devereux,89901.0,1
Herbert Berghof,38253.0,1
Jacqueline Chan,1391964.0,1
Isabel Cooley,166144.0,1
Mike Steen,1590926.0,1
William Lundigan,18805.0,1
Raymond Burr,7685.0,1
Jean Byron,131281.0,1
Michael Fox,51230.0,1
Conrad Wolfe,1059603.0,1
Jane Easton,1059604.0,1
Frederic Berest,1059605.0,1
Ted Hecht,135824.0,1
Totò,132190.0,1
Magali Noël,5963.0,1
Franco Sportelli,235019.0,1
Lia Zoppelli,132192.0,1
Gianni Agus,128141.0,1
Toni Ucci,240665.0,1
Mario Castellani,132198.0,1
Carlo Delle Piane,94419.0,1
Adriana Facchetti,592632.0,1
Pietro Carloni,132197.0,1
Nadia Sanders,165525.0,1
Clive Wood,150814.0,1
Eve Best,201665.0,1
Jolyon Coy,1028292.0,1
James Hayes,27325.0,1
Phil Daniels,65301.0,1
Sirine Saba,1819508.0,1
Rosie Hilal,1455692.0,1
Cameron Mitchell,44728.0,1
Beba Lončar,94799.0,1
Dieter Eppler,26245.0,1
Gabriella Pallotta,25785.0,1
Alex Gavin,1321452.0,1
Peter Carsten,39854.0,1
Aleksandar Gavrić,51890.0,1
Paul Windsor,1880881.0,1
Beli Bolin,1880882.0,1
Vladimir Medar,98770.0,1
Colin Blakely,13329.0,1
Jane Lapotaire,18021.0,1
Ian Charleson,11854.0,1
George Innes,26131.0,1
Jonathan Adams,1137209.0,1
John Paul,2053009.0,1
Darien Angadi,1226754.0,1
Janet Key,100298.0,1
Howard Goorney,30676.0,1
Cassie McFarlane,1147891.0,1
Emrys James,202466.0,1
Kevin Huckstep,2579122.0,1
Michael Anthony,1136048.0,1
Mohammad Shamsi,14758.0,1
Harry Waters,202469.0,1
David Neal,1220359.0,1
Geoffrey Collins,1414482.0,1
Donald Sumpter,20425.0,1
Desmond Stokes,2579123.0,1
Lynn Farleigh,1220072.0,1
David Kincaid,202470.0,1
Simon Chandler,16273.0,1
Pat Connell,2579124.0,1
George Howe,1238979.0,1
John Eastham,24735.0,1
Iain Rattray,1498032.0,1
Frederick Warder,1705493.0,1
Michael Egan,2579125.0,1
Alec Sabin,1230676.0,1
Jimmy Gardner,1244447.0,1
Linda Cristal,94776.0,1
María Mahor,104065.0,1
Alfredo Mayo,100307.0,1
Mino Doro,99514.0,1
Salvatore Furnari,128244.0,1
Rafael Durán,231027.0,1
Juan Maján,1173689.0,1
Tomás Blanco,544572.0,1
Mary Carrillo,54136.0,1
Ángel Álvarez,37586.0,1
Coluche,11214.0,1
Michel Serrault,12270.0,1
Jean Yanne,24381.0,1
Françoise Fabian,9765.0,1
Michel Auclair,9746.0,1
Mimi Coutelier,142224.0,1
Darry Cowl,24807.0,1
Paul Préboist,24500.0,1
Daniel Emilfork,13843.0,1
André Pousse,218678.0,1
Michel Constantin,24495.0,1
Philippe Clay,53776.0,1
José Artur,1125195.0,1
Yves Mourousi,55919.0,1
Léon Zitrone,578332.0,1
Valérie Mairesse,138814.0,1
Jean-Pierre Dravel,1366716.0,1
Daniel Laloux,583549.0,1
Paul Mercey,54382.0,1
Moustache,38912.0,1
Lionel Rocheman,2318628.0,1
Ibrahim Seck,384316.0,1
Michel Tugot-Doris,1497494.0,1
Maurice Vamby,1376960.0,1
Parviz Pourhosseini,1580772.0,1
Mohammad Kasebi,1078081.0,1
Hossein Yari,228097.0,1
Jafar Dehghan,1719214.0,1
Shabnam Gholikhani,1419325.0,1
Maryam Razavi,2632071.0,1
Charlotte Rampling,44079.0,1
Vittoria Belvedere,27418.0,1
Benjamin Sadler,27419.0,1
Ken Duken,44651.0,1
Russell Barr,3303.0,1
Juan Diego Botto,36632.0,1
Martina Stella,72054.0,1
Valeria D'Obici,103180.0,1
Michele Bevilacqua,1008542.0,1
Gottfried John,3757.0,1
Tobias Moretti,44567.0,1
Stefania Rivi,27430.0,1
Ennio Fantastichini,27272.0,1
Francesco Dominedò,78671.0,1
Ida Di Benedetto,45196.0,1
Imma Piro,147158.0,1
Franco Interlenghi,71140.0,1
Omar Lahlou,1275792.0,1
Andrea Prodan,20440.0,1
Paolo De Crescenzo,2922169.0,1
Massimo Reale,1281192.0,1
Mattia Sbragia,8772.0,1
Giovanni Micoli,2920914.0,1
Gabriele Tozzi,1457955.0,1
Ahmed Saguia,2702535.0,1
Housseine Deuiti,2922171.0,1
Naima Lovadni,2922172.0,1
Leila El Hayani,1875369.0,1
Omar Chenbod,2048387.0,1
Azalarrabe Karrat,2922173.0,1
Rafik Abubakar,2922174.0,1
M'Barek El Hammoudi,2922175.0,1
Mohamed Khachla,2922176.0,1
Mohamed Karrat,2218049.0,1
Sanae Moubtassin,2922177.0,1
Jurij Gentilini,2922178.0,1
