keywords,movie_id
fire,62204
based on novel or book,62204
mammoth,62204
stone age,62204
bear,62204
ape man,62204
saber-toothed tiger,62204
cavemen,62204
prehistoric adventure,62204
prehistoric times,62204
neanderthal,62204
wolves,62204
stone age,13853
animal attack,13853
tribe,13853
bear,13853
cavemen,13853
prehistoric adventure,13853
prehistoric times,13853
neanderthal,13853
prehistoric man,13853
gladiator,9387
repayment,9387
fight,9387
mythology,9387
magic,9387
black magic,9387
warlord,9387
stone age,9387
despot,9387
epic,9387
thief,9387
barbarian,9387
wizard,9387
warrior,9387
serpent,9387
action hero,9387
sword and sorcery,9387
mysticism,9387
good versus evil,9387
gladiator,9610
swordplay,9610
fight,9610
sword,9610
magic,9610
warrior woman,9610
lone wolf,9610
black magic,9610
stone age,9610
epic,9610
thief,9610
royalty,9610
barbarian,9610
wizard,9610
warrior,9610
action hero,9610
sword and sorcery,9610
good versus evil,9610
wolf,399360
ice age,399360
human animal relationship,399360
wilderness,399360
survival,399360
snow,399360
saber-toothed tiger,399360
boy and dog,399360
injury,399360
prehistoric adventure,399360
prehistory,399360
bison,399360
upper palaeolithic,399360
boar,399360
hunter,7840
indigenous,7840
lover (female),7840
pyramid,7840
mammoth,7840
sapient,7840
mountain village,7840
stone age,7840
fighter,7840
primitive time,7840
saber-toothed tiger,7840
prehistoric adventure,7840
genesis,2525
bible,2525
tower of babel,2525
epic,2525
flood,2525
old testament,2525
garden of eden,2525
sodom and gomorrah,2525
noah,2525
noah's ark,2525
adam and eve,2525
abraham,2525
christian film,2525
egypt,9334
temple,9334
magic,9334
sword fight,9334
battlefield,9334
fictional war,9334
desert,9334
ancient egypt,9334
tyrant,9334
warrior,9334
action hero,9334
sword and sorcery,9334
supernatural power,9334
egypt,205584
underworld,205584
fight,205584
mythology,205584
nile,205584
thief,205584
rescue,205584
desert,205584
ancient egypt,205584
gods,205584
egyptian mythology,205584
myth,205584
dancing,257797
pharao,257797
ancient egypt,257797
pharaoh,257797
pickpocket,137584
ancient egypt,137584
escaped slave,137584
crocodile,402672
india,402672
ancient civilization,402672
bronze age,402672
21st century bc,402672
magic,13486
mercenary,13486
training,13486
greek,13486
sword fight,13486
revenge,13486
battlefield,13486
fictional war,13486
desert,13486
tyrant,13486
warrior,13486
action hero,13486
sword and sorcery,13486
supernatural power,13486
bible,2701
biography,2701
christian film,2701
bible,43011
epic,43011
slave,43011
old testament,43011
sodom and gomorrah,43011
crocodile,402672
india,402672
ancient civilization,402672
bronze age,402672
21st century bc,402672
genesis,2712
bible,2712
christian film,2712
bible,2405
ancient egypt,2405
old testament,2405
sold into slavery,2405
atlantis,83975
west,83975
end of world,83975
ancient egypt,77971
pharaoh,77971
peplum,77971
nefertiti,77971
14th century bc,77971
egypt,24973
courtesan,24973
epic,24973
desert,24973
ancient egypt,24973
pharoah,24973
14th century bc,24973
valley of the kings,24973
hero,11533
greek mythology,11533
menace,11533
ship,11533
bravery,11533
skeleton,11533
vlies,11533
stop motion,11533
ancient greece,11533
golden fleece,11533
"based on myths, legends or folklore",11533
sea voyage,11533
moses,9837
egypt,9837
pyramid,9837
exodus,9837
kingdom,9837
musical,9837
governance,9837
ancient egypt,9837
pharaoh,9837
woman director,9837
passover,9837
13th century bc,9837
moses,147441
bible,147441
epic,147441
racism,147441
slave,147441
ancient egypt,147441
old testament,147441
ramses,147441
13th century bc,147441
moses,6844
israel,6844
egypt,6844
miracle,6844
slavery,6844
ten commandments,6844
bible,6844
epic,6844
religion,6844
judaism,6844
ancient egypt,6844
technicolor,6844
old testament,6844
pharaoh,6844
passover,6844
13th century bc,6844
poison,37958
army,37958
zeus,37958
minotaur,37958
poseidon,37958
spear,37958
labyrinth,37958
ancient greece,37958
greek god,37958
queen,42658
trojan war,42658
king,42658
slave,42658
helen of troy,42658
tragedy,420343
trojan war,47446
based on play or musical,47446
ancient greece,47446
enslavement,47446
conquest,47446
greek tragedy,47446
helen of troy,47446
greece,46278
sacrifice,46278
army,46278
tragedy,46278
king,46278
iphigenia,46278
greece,47447
trojan war,47447
regicide,47447
greek tragedy,47447
agamemnon,47447
sea,43194
hero,43194
greek mythology,43194
island,43194
epic,43194
homer's odyssey,43194
bow and arrow,43194
super power,43194
cyclops,43194
ancient greece,43194
voyage,43194
technicolor,43194
sea voyage,43194
warrior,43194
sorceress,43194
ulysses,43194
trojan war,146023
greek,146023
peplum,146023
trojan horse,146023
helen of troy,146023
奥德赛,853081
sibling relationship,652
adultery,652
mythology,652
beauty,652
trojan war,652
bravery,652
wall,652
fraud,652
hostility,652
epic,652
sword fight,652
battlefield,652
historical fiction,652
ancient world,652
pyre,652
ancient greece,652
trojan horse,652
bronze age,652
sparta greece,652
helen of troy,652
homer's iliad,652
epic,29993
bible,474392
god,474392
strength,474392
insurrection,5040
pharao,5040
israel,42567
bible,42567
epic,42567
king,42567
king david,42567
christian film,42567
10th century bc,42567
bible,42040
biography,42040
king david,42040
10th century bc,42040
bible,92750
bible,193114
sword and sandal,193114
israel,29996
egypt,29996
religion and supernatural,29996
epic,29996
ancient israel,29996
10th century bc,29996
historically inaccurate,60915
sword and sandal,60915
peplum,60915
babylon,60915
sibling relationship,96786
peplum,96786
"rome, italy",138519
romulus,138519
ancient rome,138519
ancient rome,172747
duel,172747
triplet,172747
7th century bc,172747
old testament,227859
biography,257701
politics,257701
ancient china,257701
5th century bc,257701
ancient rome,187852
6th century bc,187852
historical figure,34182
ancient china,34182
woman director,34182
5th century bc,34182
invasion,18696
ancient greece,18696
greek soldier,18696
5th century bc,18696
peplum,168408
based on novel or book,15005
persia,15005
queen,15005
bible,15005
biography,15005
esther,15005
old testament,15005
5th century bc,15005
evisceration,1271
javelin,1271
shield,1271
army,1271
epic,1271
ancient world,1271
based on graphic novel,1271
ancient greece,1271
s.a.t.,1271
warrior,1271
sparta greece,1271
5th century bc,1271
based on graphic novel,53182
ancient greece,53182
duringcreditsstinger,53182
sea battle,53182
hand to hand combat,53182
naval warfare,53182
sparta greece,53182
5th century bc,53182
martial arts,35138
showdown,35138
general,35138
slavery,35138
musician,35138
blood splatter,35138
escape,35138
duel,35138
soldier,35138
dark hero,35138
samurai sword,35138
"athens, greece",74778
socrates,74778
ancient greece,74778
philosopher,74778
4th century bc,74778
ancient rome,318570
4th century bc,318570
killing,184315
mercenary,184315
past,184315
battle,184315
ancient greece,184315
hercules,184315
warrior,184315
sagen,184315
hurt,184315
4th century bc,184315
alexander the great,42668
epic,42668
empire,42668
king,42668
4th century bc,42668
aristotle,1966
egypt,1966
greece,1966
persia,1966
emperor,1966
elephant,1966
campaign,1966
alexander the great,1966
epic,1966
sword fight,1966
royalty,1966
male homosexuality,1966
ancient world,1966
ancient greece,1966
epic battle,1966
historical drama,1966
action hero,1966
4th century bc,1966
gay,1966
greek mythology,43020
plot,43020
countryside,79
loss of loved one,79
martial arts,79
kung fu,79
right and justice,79
ancient china,79
patriot,79
wuxia,79
warring states period,79
3rd century bc,79
china,10387
assassin,10387
kingdom,10387
occupying power,10387
governance,10387
concubine,10387
warring states period,10387
3rd century bc,10387
musical,113743
ancient rome,113743
"rome, italy",169818
elephant,169818
ancient rome,169818
alps mountains,169818
2nd century bc,169818
roman empire,5153
elephant,5153
roman,5153
princess,5153
carthage,5153
fleet,5153
pirate,5153
battle,5153
alps mountains,5153
punic wars,5153
3rd century bc,5153
"sicily, italy",116400
roman empire,116400
siege,116400
punic wars,116400
3rd century bc,116400
buddhism,466347
sri lanka,466347
king,466347
ancient rome,207234
carthage,207234
peplum,207234
punic wars,207234
2nd century bc,207234
forbidden love,327692
ancient greece,327692
sword and sandal,327692
roman army,327692
corinthians,327692
centurions,327692
2nd century bc,327692
roman empire,34469
ancient rome,34469
biography,34469
gladiator,967
roman empire,967
gladiator fight,967
slavery,967
insurgence,967
ancient rome,967
epic,967
historical fiction,967
torture,967
ancient world,967
slave,967
technicolor,967
escaped slave,967
1st century,967
"rome, italy",32528
gladiator,32528
roman empire,32528
gladiator fight,32528
slavery,32528
ancient rome,32528
ancient world,32528
slave,32528
escaped slave,32528
egypt,8095
greece,8095
snake,8095
nile,8095
ancient rome,8095
historical figure,8095
cleopatra,8095
epic,8095
ancient egypt,8095
library of alexandria,8095
alexandria egypt,8095
1st century bc,8095
todd-ao,8095
roman empire,330627
partially lost film,39950
fragment,39950
historical figure,31561
cleopatra,31561
based on play or musical,31561
"rome, italy",208835
egypt,43902
roman empire,43902
ancient rome,43902
cleopatra,43902
epic,43902
pre-code,43902
ancient egypt,43902
alexandria egypt,43902
1st century bc,43902
egypt,114771
cleopatra,114771
ancient egypt,114771
1st century,114771
husband wife relationship,2447
bible,2447
three kings,2447
bethlehem,2447
archangel gabriel,2447
blessed hope,2447
wise men,2447
woman director,2447
nativity,2447
christmas,2447
1st century,2447
jesus christ,2447
immaculate conception,2447
bible,36362
crucifixion,36362
biography,36362
epic,36362
1st century,36362
christian film,36362
samurai,21410
sequel,21410
zatoichi,21410
samurai,54283
katana,54283
zatoichi,54283
ronin,54283
samurai,54276
sequel,54276
zatoichi,54276
martial arts,19884
swordplay,19884
samurai,19884
samurai,80801
seppuku,80801
matsumoto,80801
samurai,40149
revenge,40149
murder,40149
black cat,40149
ghost,40149
rape and revenge,40149
folk horror,40149
samurai,54275
sword,54275
sequel,54275
zatoichi,54275
gambling,46917
ronin,46917
shogun,46917
feudal japan,46917
19th century,46917
witch,28719
monster,28719
samurai,28719
sword fight,28719
giant monster,28719
kaiju,28719
feudal japan,28719
japan,85836
asia,85836
samurai,85836
honor,85836
poverty,85836
seppuku,85836
code of honor,85836
ronin,85836
shogun,85836
bushido,85836
daimos,85836
feudal lord,85836
feudal japan,85836
harakiri,85836
daimyô,85836
hara-kiri,85836
samurai,72109
magic,72109
giant spider,72109
revenge,72109
ninja,72109
giant monster,72109
dragon,72109
tokusatsu,72109
kaiju,72109
chambara,144525
japan,16693
samurai,16693
yakuza,16693
sequel,16693
sword fight,16693
zatoichi,16693
criminal,16693
samurai,54279
katana,54279
sword,54279
sequel,54279
zatoichi,54279
based on comic,151019
ninja,151019
based on manga,151019
samurai,27031
kidnapping,27031
period drama,27031
feudal japan,27031
samurai,54278
yakuza,54278
sequel,54278
jail,54278
zatoichi,54278
samurai,16692
sword fight,16692
chambara,16692
zatoichi,16692
criminal,16692
ronin,16692
chanbara,16692
japan,11712
corruption,11712
samurai,11712
temple,11712
fighter,11712
feudal japan,11712
corruption,54274
samurai,54274
sequel,54274
zatoichi,54274
japan,3780
brothel,3780
small town,3780
heal,3780
lunatic asylum,3780
career,3780
uniform,3780
rural area,3780
clinic,3780
doctor,3780
psychiatrist,3780
intern,3780
samurai,54273
katana,54273
sword,54273
sequel,54273
zatoichi,54273
blind,54273
yakuza,24444
katana,24444
sequel,24444
zatoichi,24444
corruption,40897
samurai,40897
yakuza,40897
sequel,40897
zatoichi,40897
swordsman,40897
japan,41474
martial arts,41474
kung fu,41474
assassin,41474
samurai,41474
yakuza,41474
sword,41474
villain,41474
blood splatter,41474
sequel,41474
sword fight,41474
chambara,41474
gore,41474
decapitation,41474
duel,41474
martial arts master,41474
martial artist,41474
chanbara,41474
samurai,58878
katana,58878
peasant,58878
murder,58878
treachery,58878
ronin,58878
dishonor,58878
bribery,58878
change of heart,58878
shame,58878
japanese new wave,88562
assassin,54266
samurai,54266
yakuza,54266
masseuse,54266
sequel,54266
zatoichi,54266
swordsman,54266
blind,54266
gambler,54266
wanderer,54266
jealousy,3763
samurai,3763
desertion,3763
hold-up robbery,3763
bamboo hut,3763
murder,3763
survival,3763
demon,3763
14th century,3763
new year's eve,54272
samurai,54272
sword,54272
sequel,54272
zatoichi,54272
samurai,149141
samurai,39029
ronin,39029
samurai,277398
martial arts,17810
assassin,17810
samurai,17810
blood splatter,17810
sequel,17810
based on comic,17810
sword fight,17810
chambara,17810
decapitation,17810
martial arts master,17810
martial artist,17810
female ninja,17810
ronin,17810
chanbara,17810
head split in half,17810
samurai,54284
sword,54284
sequel,54284
zatoichi,54284
japan,58857
suicide,58857
assassin,58857
samurai,58857
immortality,58857
mission,58857
swordsman,58857
massacre,58857
battle,58857
samurai sword,58857
seppuku,58857
code of honor,58857
ronin,58857
kimono,58857
warrior,58857
19th century,58857
harakiri,58857
based on novel or book,79406
samurai,79406
based on a true story,79406
sword fight,79406
"tokyo, japan",79406
ronin,79406
historically inaccurate,79406
jidaigeki,79406
edo period,79406
19th century,79406
assassin,210865
sword,210865
ninja,210865
period drama,210865
samurai,18511
katana,18511
sword,18511
sequel,18511
ichi,18511
zatoichi,18511
sword,18624
gang war,18624
sequel,18624
murder,18624
zatoichi,18624
japan,27197
suicide,27197
based on novel or book,27197
samurai,27197
remake,27197
sword fight,27197
revenge,27197
katana sword,27197
edo period,27197
kabuki,27197
samurai,380285
demon,380285
ronin,380285
christian film,380285
based on play or musical,45384
samurai,31334
chushingura,224120
samurai,20525
revenge,20525
18th century,20525
edo period,20525
feudal japan,20525
slum dwellers,20525
47 ronin,20525
based on novel or book,20527
samurai,20527
sword fight,20527
honor,20527
betrayal,20527
period drama,20527
historical,20527
disability,20527
blindness,20527
jidaigeki,20527
feudal japan,20527
prostitute,172278
debt,172278
japan,548
rape,548
samurai,548
rain,548
woodcutter,548
medium,548
sunlight,548
court case,548
dying and death,548
court,548
truth,548
criminal,548
based on short story,548
multiple perspectives,548
japan,41845
samurai,41845
katana,41845
chambara,41845
cult film,41845
biography,41939
despair,43364
courtesan,43364
concubine,43364
memory,43364
prostitution,43364
feudal lord,43364
feudal japan,43364
17th century,43364
life story,43364
assassination,5890
assassin,5890
based on novel or book,12496
samurai,12496
sword,12496
mission of murder,12496
daughter,12496
sword fight,12496
honor,12496
teacher,12496
period drama,12496
historical,12496
widower,12496
jidaigeki,12496
feudal japan,12496
19th century,12496
thief,188657
samurai,14455
19th century,14455
swordplay,5845
katana,5845
samurai,15319
ronin,15319
bushido,15319
assassination,5889
assassin,5889
swordplay,5889
mass murder,5889
katana,5889
mission of murder,5889
ninja fighter,5889
shinobi no mono,5889
based on novel or book,268111
jidaigeki,268111
assassin,12580
samurai,12580
symbolism,12580
sword,12580
time,12580
murder,12580
space,12580
lord,12580
"tokyo, japan",12580
massacre,12580
rage,12580
captured,12580
imperial,12580
crucified,12580
continuum,12580
based on novel or book,34019
samurai,34019
sword fight,34019
revenge,34019
honor,34019
period drama,34019
historical,34019
caste system,34019
jidaigeki,34019
edo period,34019
social class,34019
feudal japan,34019
samurai,125259
jidaigeki,125259
samurai,58879
samurai,54306
katana,54306
sequel,54306
zatoichi,54306
samurai,73043
jidaigeki,799881
japan,1059
gold,1059
peasant,1059
assault,1059
hostile,1059
16th century,1059
samurai,35627
jidaigeki,656074
samurai,84508
based on play or musical,84508
vengeful ghost,84508
ghost,84508
edo period,84508
japan,41486
assassin,41486
samurai,41486
chambara,41486
chanbara,41486
family relationships,116690
dying traditions,116690
social convention,116690
samurai,17129
chambara,17129
sexploitation,17129
spirit,17129
samurai,17128
devotion,55884
assassination plan,55884
jidaigeki,55884
japan,17099
samurai,17099
investigation,17099
torture,17099
shogun,17099
feudal japan,17099
period drama,367844
chambara,154764
japan,41477
assassin,41477
samurai,41477
chambara,41477
chanbara,41477
japan,41482
martial arts,41482
assassin,41482
samurai,41482
chambara,41482
based on manga,41482
chanbara,41482
japan,73990
samurai,73990
time warp,73990
time travel,73990
warring states period,73990
samurai,141819
remake,141819
western,141819
period drama,141819
shogun,141819
19th century,141819
meiji period,141819
"hokkaido, japan",141819
asian western,141819
based on play or musical,102146
jidaigeki,102146
restless in peacetime,102146
assassination,11645
gun,11645
castle,11645
kingdom,11645
greed,11645
heir to the throne,11645
epic,11645
revenge,11645
descent into madness,11645
seppuku,11645
inheritance fight,11645
ruins,11645
king lear,11645
feudal japan,11645
black widow,11645
hopelessness,11645
samurai,47578
princess,47578
bow and arrow,47578
lover,35861
love,35861
escape,35861
extramarital affair,35861
attempted suicide,35861
bankruptcy,35861
"kyoto, japan",35861
locked in,35861
social class,35861
17th century,35861
japan,17762
parent child relationship,17762
samurai,17762
sword,17762
exploitation,17762
geisha,17762
sword fight,17762
revenge,17762
beautiful woman,17762
female protagonist,17762
duel,17762
samurai sword,17762
female ninja,17762
female martial artist,17762
schlock,17762
tongue in cheek,17762
japanese stereotype,17762
japanese woman,17762
gaijin,17762
over the top,17762
chanbara,17762
biography,77467
samurai,31374
samurai,600420
yakuza,600420
based on novel or book,794610
murder,794610
jidaigeki,794610
warlord,44963
ninja,44963
shogun,44963
16th century,44963
revenge,15119
ninja,15119
female ninja,15119
shogun,15119
love triangle,31378
samurai,31378
village,31378
challenge,31378
biography,31378
sword fight,31378
farm life,31378
katana sword,31378
samurai sword,31378
bandit,31378
ronin,31378
sword duel,31378
japan,11953
samurai,11953
emperor,11953
warlord,11953
army,11953
battle,11953
impersonation,11953
doppelgänger,11953
edo period,11953
feudal lord,11953
feudal japan,11953
16th century,11953
japan,3777
prophecy,3777
based on novel or book,3777
samurai,3777
castle,3777
ambition,3777
betrayal,3777
plot,3777
ghost,3777
feudal lord,3777
feudal japan,3777
samurai,13637
remake,13637
asian western,13637
roman empire,186909
ancient rome,186909
ancient world,186909
1st century,186909
black forest,186909
christianity,11051
traitor,11051
roman,11051
crucifixion,11051
longing,11051
moral conflict,11051
spirituality,11051
cross,11051
temptation,11051
mary magdalene,11051
palestine,29912
roman empire,29912
bible,29912
crucifixion,29912
ancient rome,29912
epic,29912
slave auction,29912
robe,29912
slave,29912
guilt,29912
1st century,29912
caligula,29912
ancient rome,187938
religion,187938
christianity,335778
based on novel or book,335778
apostle,335778
bible,335778
crucifixion,335778
"jerusalem, israel",335778
faith,335778
resurrection,335778
religion,335778
judaism,335778
christianity,615
jewry,615
roman empire,615
suffering,615
apostle,615
last supper,615
roman,615
bible,615
crucifixion,615
mission,615
torture,615
brutality,615
jesus christ,615
christian film,615
aramaic,615
italy,9453
assassination,9453
rape,9453
sexuality,9453
roman empire,9453
orgy,9453
emperor,9453
roman,9453
sadism,9453
ancient rome,9453
marriage,9453
insanity,9453
syphillis,9453
punishment,9453
brutality,9453
lust,9453
erotic movie,9453
1st century,9453
caligula,9453
lgbt interest,9453
roman empire,211292
ancient rome,43332
sequel,43332
1st century,43332
caligula,43332
suicide,11620
"rome, italy",11620
based on novel or book,11620
roman empire,11620
emperor,11620
ancient rome,11620
epic,11620
burning,11620
roman army,11620
nero,11620
1st century,11620
claudius caesar,11620
guarda pretoriana,11620
praetorian guard,11620
matricídio,11620
sêneca,11620
christianity,59219
based on novel or book,59219
ancient rome,59219
nero,59219
roman empire,62326
1st century,62326
female warrior,62326
celts,62326
queen,40456
roman,40456
viking,40456
druid,40456
uprising,40456
ancient britain,40456
1st century,40456
britannia,40456
gladiator,76649
arena,76649
gladiator fight,76649
lava,76649
roman,76649
forbidden love,76649
natural disaster,76649
epic,76649
disaster,76649
slave,76649
town in panic,76649
volcanic eruption,76649
pompeii,76649
1st century,76649
arena,50070
ancient rome,50070
empress,50070
pre-code,50070
nero,50070
1st century,50070
ancient rome,43098
volcanic eruption,43098
pompeii,43098
sword and sandal,43098
peplum,43098
1st century,43098
vesuvius,43098
historical,444136
peplum,444136
sword,36662
horseback riding,36662
ancient rome,36662
dacia,36662
roman legion,36662
zamolxis,36662
emperor,283881
ancient rome,283881
fighting,283881
revolt,283881
ancient culture,262984
romans,262984
dacians,262984
roman empire,23759
ancient rome,23759
ancient world,23759
britain,23759
behind enemy lines,23759
sole survivor,23759
2nd century,23759
hadrian’s wall,23759
scotland,49494
roman empire,49494
slavery,49494
ancient rome,49494
eagle,49494
honor,49494
disappearance,49494
ancient world,49494
britain,49494
slave,49494
scottish highlands,49494
2nd century,49494
hadrian’s wall,49494
2nd century,434395
arena,48646
colosseum,48646
lion,48646
ancient rome,48646
based on play or musical,48646
2nd century,48646
"rome, italy",98
parent child relationship,98
gladiator,98
arena,98
senate,98
roman empire,98
emperor,98
slavery,98
ancient rome,98
epic,98
revenge,98
battlefield,98
slave auction,98
historical fiction,98
ancient world,98
combat,98
chariot,98
philosopher,98
barbarian horde,98
2nd century,98
successor,98
commodus,98
maximus,98
roman empire,17277
ancient rome,17277
epic,17277
barbarian,17277
chariot,17277
2nd century,17277
poisoning,17277
commodus,17277
cómodo,17277
fall roman empire,17277
fall empire,17277
china,12289
martial arts,12289
flaming arrow,12289
strategy,12289
carrier pigeon,12289
wall of fire,12289
white dove,12289
casualty of war,12289
chinese painting,12289
broken arrow,12289
3rd century,12289
assassin,136701
warlord,136701
3rd century,136701
based on novel or book,62977
warlord,62977
battle,62977
ancient china,62977
3rd century,62977
the lost bladesman,62977
warrior woman,14538
gladiator,211179
roman empire,211179
sword and sandal,211179
3rd century,211179
fight,42241
exile,42241
ancient rome,42241
torture,42241
execution,42241
slow motion,42241
pacifist,42241
pagan,42241
homoeroticism,42241
hunt,42241
sword duel,42241
religious prejudice,42241
erotic movie,42241
military unit,42241
military outpost,42241
living in exile,42241
situational sexuality,42241
4th century,42241
gay,42241
christianity,167603
based on novel or book,167603
roman empire,167603
4th century,167603
roman empire,27707
ancient rome,27707
peplum,27707
4th century,27707
wrestling,235434
loss of loved one,14539
betrayal,14539
empress,14539
swordsman,14539
ancient china,14539
poison dart,14539
4th century,14539
christianity,26428
philosophy,26428
egypt,26428
new love,26428
cult,26428
historical figure,26428
sword fight,26428
ancient world,26428
destiny,26428
hypatia,26428
misogyny,26428
persecution,26428
library of alexandria,26428
atheism,26428
political unrest,26428
impossible love,26428
false history,26428
power relations,26428
unfulfillment,26428
master servant relationship,26428
love and romance,26428
unfulfilled love,26428
5th century,26428
ireland,123701
saint,123701
5th century,123701
opera,594130
christianity,205331
ancient rome,205331
western roman empire,205331
attila,205331
huns,205331
barbarian,205331
5th century,205331
eastern roman empire,205331
jealousy,11188
blacksmith,11188
treasure,11188
new love,11188
sword,11188
legend,11188
viking,11188
invulnerability,11188
nibelungen,11188
murder,11188
royalty,11188
dragon,11188
super power,11188
denunciation,11188
roman empire,9477
merlin,9477
king arthur,9477
battle,9477
5th century,9477
northumbria,9477
hadrian’s wall,9477
roman empire,9703
sword,9703
emperor,9703
ancient rome,9703
druid,9703
western roman empire,9703
ancient world,9703
excalibur,9703
1st century,9703
britannia,9703
king,198783
icelandic,198783
sword and sandal,187117
peplum,187117
lombard,187117
6th century,187117
strong man,158157
islam,26842
angel,26842
middle east,26842
muslim,26842
epic,26842
religion,26842
historical fiction,26842
arab,26842
mohammed,26842
mecca,26842
7th century,26842
love triangle,143328
"cornwall, england",143328
middle ages,143328
denmark,2310
nordic mythology,2310
lie,2310
pride and vanity,2310
folk hero,2310
human weakness,2310
viking,2310
alienation,2310
festival hall,2310
sin,2310
royalty,2310
curse,2310
battle,2310
ancient world,2310
"based on song, poem or rhyme",2310
adult animation,2310
motion capture,2310
6th century,2310
beowulf,2310
viking,72653
sword and sorcery,72653
beowulf,72653
in love with enemy,9044
castle,9044
lovers,9044
hostility,9044
revenge,9044
murder,9044
knight,9044
battle,9044
middle ages,9044
6th century,9044
hero,5471
mythology,5471
nordic mythology,5471
mythical creature,5471
viking,5471
swordsman,5471
mythological beast,5471
norse mythology,5471
sword and sorcery,5471
6th century,5471
beowulf,5471
father murder,23383
based on play or musical,23383
mythical creature,136994
giant monster,136994
loss of loved one,10275
martial arts,10275
kung fu,10275
monastery,10275
siege,535389
tang dynasty,535389
fortress,535389
ancient korea,535389
chinese invasion of korea,535389
"kingdom of goguryeo, korea",535389
"tang dinasty, china",535389
stronghold,535389
7th century,535389
ancient korea,147704
"kingdom of goguryeo, korea",147704
7th century,147704
silla,147704
baekje,147704
detective,48492
tang dynasty,48492
ancient china,48492
chinese emperor,48492
7th century,48492
gobi desert,14797
cavalry,14797
sword and sandal,14797
wuxia,14797
8th century,14797
norway,10529
predator,10529
monster,10529
flying saucer,10529
viking,10529
alien,10529
alien invasion,10529
servant,2008
emperor,2008
battle assignment,2008
8th century,330831
viking,88266
sword fight,88266
9th century,88266
japan,20532
courtesan,20532
exile,20532
banishment,20532
governor,20532
prostitution,20532
compassion,20532
based on short story,20532
decree,20532
mercy,20532
feudal japan,20532
11th century,20532
ancient japan,20532
scotland,427395
germany,9503
vatican,9503
pope,9503
empowerment,9503
9th century,9503
china,9550
martial arts,9550
swordplay,9550
tang dynasty,9550
government,9550
rebellion,9550
dagger,9550
wuxia,9550
9th century,9550
based on novel or book,42661
norway,42661
falcon,42661
ship,42661
scandinavia,42661
viking,42661
epic,42661
slave,42661
technicolor,42661
northumberland,42661
wolves,42661
9th century,42661
viking,73672
9th century,73672
mughal empire,36261
viking,16852
revenge,16852
viking,16853
revenge,16853
loss of loved one,2172
mass murder,2172
lapland,2172
chase,2172
spur,2172
revenge,2172
snow,2172
middle ages,2172
11th century,2172
england,6614
viking,6614
9th century,6614
witch,1911
based on novel or book,1911
cave,1911
arabian,1911
horse,1911
kingdom,1911
village,1911
scandinavia,1911
bagdad,1911
viking,1911
defence,1911
epic,1911
horror,1911
sword fight,1911
deception,1911
mission,1911
historical fiction,1911
barbarian,1911
fictional war,1911
demon,1911
combat,1911
cavalry,1911
medieval,1911
dark fantasy,1911
norse mythology,1911
warrior,1911
sword and sorcery,1911
10th century,1911
poison,1494
china,1494
martial arts,1494
swordplay,1494
fight,1494
toxication,1494
secret society,1494
passion,1494
forbidden love,1494
palace,1494
plan,1494
royal family,1494
battle for power,1494
tang dynasty,1494
pomp,1494
heir to the throne,1494
marriage crisis,1494
secret love,1494
sword fight,1494
betrayal,1494
based on play or musical,1494
empire,1494
period drama,1494
historical,1494
wuxia,1494
power struggle,1494
poisoning,1494
7th century,1494
spain,134608
10th century,134608
the moors (people),134608
pope,47846
religion,47846
historical,47846
9th century,47846
martial arts,181009
general,181009
sung dynasty,181009
military family,181009
10th century,181009
ship,44736
viking,44736
bell,44736
10th century,44736
viking,164453
viking,37861
hell,37861
mute,37861
escape,37861
brutality,37861
slave,37861
one eyed man,37861
new world,37861
chieftain,37861
starvation,37861
war paint,37861
warrior,37861
general,21621
revenge,21621
generation,21621
female warrior,21621
spain,16638
historical figure,16638
epic,16638
devoutness,16638
honor,16638
11th century,16638
scotland,11316
husband wife relationship,11316
based on play or musical,11316
rise to power,11316
11th century,11316
betrayal of trust,11316
scotland,27883
tragic hero,27883
11th century,27883
lady godiva,113939
saxons,113939
11th century,113939
scotland,225728
medieval,225728
11th century,225728
warlord,42664
"normandy, france",42664
druid,42664
knight,42664
11th century,42664
pope,44151
crusade,44151
friendship,44151
love,44151
religion,44151
11th century,44151
iceland,68342
viking,68342
based on novel or book,169881
persia,169881
jew persecution,169881
historical figure,169881
teacher student relationship,169881
middle ages,169881
medieval,169881
religious fanaticism,169881
black death,169881
medical student,169881
11th century,169881
medieval england,169881
medieval physician,169881
seljuk turks,169881
nun,115457
forbidden love,115457
religion,115457
theology,115457
medieval,115457
12th century,115457
africa,196942
homophobia,196942
male homosexuality,196942
lgbt,196942
african boy,196942
black lgbt,196942
guinea,196942
west african,196942
west africa,196942
gay,196942
biography,491933
ancient history,491933
rebel,32563
rescue,32563
niece,32563
battle,32563
12th century,32563
lombardy,32563
england,15421
bishop,15421
based on play or musical,15421
canterbury,15421
archbishop,15421
12th century,15421
husband wife relationship,43349
samurai,43349
buddhist,43349
bushido,43349
12th century,43349
jelousy,43349
italy,45559
emperor,45559
middle ages,45559
dark ages,45559
12th century,45559
monk,98010
biography,98010
singing,98010
cross,98010
saint,98010
13th century,98010
saint francis of assisi,98010
religion,2587
saint,2587
13th century,2587
saint,84981
woman director,84981
13th century,84981
12th century,84981
saint francis of assisi,84981
france,18988
england,18988
infidelity,18988
famous score,18988
queen,18988
richard the lionheart,18988
castle,18988
based on play or musical,18988
unfaithfulness,18988
mistress,18988
king,18988
spear,18988
homoeroticism,18988
christmas,18988
12th century,18988
eleanor of aquitaine,18988
royal family,37945
heir to the throne,37945
love-hate relationship,37945
envy,37945
king of england,37945
historical drama,37945
succession,37945
british monarchy,37945
12th century,37945
blacksmith,1495
crusade,1495
"jerusalem, israel",1495
epic,1495
knight,1495
swordsman,1495
religion,1495
order of the templars,1495
knight templars,1495
12th century,1495
saladin,1495
king richard,1495
crusade,58905
richard the lionheart,58905
historical figure,58905
12th century,58905
sheriff,375588
robin hood,375588
archer,375588
thief,375588
steampunk,375588
nottingham,375588
sherwood forest,375588
middle ages,375588
medieval,375588
hoodie,375588
england,8367
crusade,8367
mercifulness,8367
robin hood,8367
archer,8367
folk hero,8367
thief,8367
nottingham,8367
sherwood forest,8367
bow and arrow,8367
12th century,8367
repayment,10907
sword,10907
richard the lionheart,10907
robin hood,10907
archer,10907
sword fight,10907
nottingham,10907
sherwood forest,10907
historical fiction,10907
disguise,10907
swashbuckler,10907
medieval,10907
technicolor,10907
"based on myths, legends or folklore",10907
saxons,10907
action hero,10907
12th century,10907
king richard,10907
vigilante justice,10907
crusade,51227
richard the lionheart,51227
12th century,51227
saladin,51227
king richard,51227
countryside,26175
based on novel or book,26175
crusade,26175
richard the lionheart,26175
castle,26175
robin hood,26175
epic,26175
sword fight,26175
battlefield,26175
knight,26175
tournament,26175
historical fiction,26175
king,26175
jousting,26175
witchcraft,26175
medieval,26175
sword and sandal,26175
ivanhoe,26175
warrior,26175
jester,26175
saxons,26175
12th century,26175
king richard,26175
templar,26175
genghis khan,4868
genghis khan,24751
raid,24751
tartar,24751
mongolian,24751
technicolor,24751
12th century,24751
genghis khan,24751
raid,24751
tartar,24751
mongolian,24751
technicolor,24751
12th century,24751
genghis khan,253076
england,10786
crusade,10786
robin hood,10786
12th century,10786
king richard,10786
robin hood,20662
archer,20662
knight,20662
sherwood forest,20662
historical fiction,20662
bow and arrow,20662
middle ages,20662
medieval,20662
king of england,20662
12th century,20662
confession,185050
based on novel or book,185050
crusade,185050
religion,185050
whipping,185050
zealot,185050
13th century,185050
ambush,38543
hero,38543
fight,38543
castle,38543
battlefield,38543
knight,38543
duel,38543
king,38543
order of the templars,38543
knight templars,38543
13th century,38543
russia,10235
battle,10235
alexandre nevski,10235
alexander nevsky,10235
13th century,10235
historical figure,119645
marco polo,119645
kublai khan,119645
13th century,119645
marco polo,131384
kublai khan,131384
13th century,131384
marco polo,59557
kublai khan,59557
13th century,59557
individual,197
scotland,197
in love with enemy,197
revolution,197
kilt,197
legend,197
independence,197
freedom,197
epic,197
idealism,197
family clan,197
based on a true story,197
sword fight,197
historical fiction,197
battle,197
united kingdom,197
medieval,197
revolt,197
tyranny,197
false history,197
highlands,197
13th century,197
scottish highlands,197
warfield,197
husband wife relationship,432527
queen,432527
"delhi, india",432527
afghanistan,432527
musical,432527
sultan,432527
epic,432527
honor,432527
romance,432527
king,432527
battle,432527
period drama,432527
fortress,432527
"based on song, poem or rhyme",432527
medieval,432527
mongol,432527
history of india,432527
13th century,432527
ancient india,432527
obssession,432527
"mewar, india",432527
scotland,454227
castle,454227
exile,454227
biography,454227
uprising,454227
period drama,454227
historical drama,454227
scottish highlands,454227
14th century,454227
scottish history,454227
scotland,532812
family secrets,532812
king,532812
historically inaccurate,532812
14th century,532812
mother son relationship,532812
medieval history,532812
vision,116233
virgin mary,116233
14th century,116233
christianity,192
library,192
inquisition,192
monk,192
poison,192
secret passage,192
based on novel or book,192
horror,192
religion,192
labyrinth,192
rich,192
middle ages,192
persecution,192
medieval,192
franciscan,192
burned at the stake,192
poor,192
murder mystery,192
grotesque,192
theological debate,192
14th century,192
master disciple relationship,192
umberto eco,192
adultery,17903
sword fight,17903
romance,17903
betrayal,17903
tragedy,17903
goryeo dynasty,17903
inquisition,41215
monk,41215
witch,41215
village,41215
battlefield,41215
knight,41215
torture,41215
necromancer,41215
middle ages,41215
pagan,41215
persecution,41215
medieval,41215
plague,41215
pandemic,41215
bubonic plague,41215
14th century,41215
pestilence,41215
sexuality,33583
nun,33583
based on novel or book,33583
anthology,33583
church,33583
14th century,33583
chess,490
countryside,490
witch,490
blacksmith,490
allegory,490
symbolism,490
artist,490
last judgment,490
pest,490
crusade,490
juggler,490
witch burning,490
sense of life,490
dying and death,490
grim reaper,490
demon,490
middle ages,490
black death,490
playing chess,490
death personified,490
death incarnate,490
14th century,490
"london, england",9476
poetry,9476
sword fight,9476
rivalry,9476
knight,9476
tournament,9476
duel,9476
torture,9476
writer,9476
impostor,9476
church,9476
game,9476
jousting,9476
medieval,9476
aftercreditsstinger,9476
france,75796
england,75796
knight,75796
christianity,895
monk,895
painter,895
rape,895
russia,895
cathedral,895
artist,895
crucifixion,895
famine,895
icon,895
biography,895
tatars,895
bell,895
teacher,895
torture,895
massacre,895
brutality,895
middle ages,895
monastery,895
tartar,895
bell maker,895
15th century,895
religious vow,895
woman director,244971
rape,11656
child murder,11656
peasant,11656
brother,11656
revenge,11656
pregnant woman,11656
medieval,11656
rape and revenge,11656
13th century,11656
spring (water),11656
based on novel or book,617653
"normandy, france",617653
based on a true story,617653
knight,617653
duel,617653
historical,617653
sword duel,617653
rape and revenge,617653
squire,617653
14th century,617653
medieval france,617653
woman director,57438
joseon dynasty,50341
chinese invasion of korea,50341
adultery,5691
italian,5691
homophobia,5691
eroticism,5691
marriage,5691
hell,5691
extortion,5691
wedding,5691
love affair,5691
devil,5691
voyeurism,5691
vignette,5691
philippines,363347
biography,365690
philippines,365690
dream,115432
freedom fighter,115432
kingdom,115432
kalaripayattu,115432
loss of loved one,1579
solar eclipse,1579
slavery,1579
jaguar,1579
village,1579
maya civilization,1579
forest,1579
tribe,1579
native american,1579
human sacrifice,1579
central america,1579
ancient civilization,1579
16th century,1579
protestant church,5653
church,5653
catholicism,5653
malayalam,617405
painter,36815
vatican,36815
pope,36815
based on novel or book,36815
artist,36815
biography,36815
epic,36815
michelangelo,36815
16th century,36815
italian renaissance,36815
sistine chapel,36815
todd-ao,36815
england,273454
assassination,273454
monarchy,273454
biography,273454
based on a true story,273454
henry viii,273454
monarch,273454
"london, england",71924
tudor,71924
historical,71924
16th century,71924
biography,43122
tudor,43122
based on a true story,43122
king,43122
pre-code,43122
henry viii,43122
16th century,43122
british monarchy,43122
future,48485
prince,177046
fencing,177046
royal court,177046
french court,177046
rack torture,177046
king of france,177046
england,22522
tudor,22522
king,22522
british history,22522
anne boleyn,22522
henry viii,22522
16th century,22522
british monarchy,22522
england,874
pope,874
beheading,874
death penalty,874
protestant church,874
thomas cromwell,874
oath,874
tudor,874
based on play or musical,874
henry viii,874
british monarchy,874
gold,202886
peru,202886
based on play or musical,202886
incan empire,202886
south america,202886
rope bridge,202886
atahualpa,202886
16th century,202886
conquistador,202886
england,44711
queen,44711
biography,44711
historical figure,44711
tudor,44711
16th century,44711
husband wife relationship,14073
emperor,14073
hindu,14073
biography,14073
marriage crisis,14073
epic,14073
sword fight,14073
period drama,14073
domineering mother,14073
mughal empire,14073
rajput princess,14073
marriage of alliance,14073
16th century,14073
love after marriage,14073
hindu muslim conflict,14073
samurai,478973
historical,478973
husband wife relationship,4483
southern france,4483
court case,4483
historical figure,4483
based on a true story,4483
rural area,4483
small village,4483
french countryside,4483
identity theft,4483
16th century,4483
queen,41861
female soldier,41861
fortress,41861
swordswoman,41861
tudor,21867
tuberculosis,21867
16th century,21867
british monarchy,21867
queen,4518
duke,4518
historical figure,4518
queen elizabeth i,4518
tudor,4518
treason,4518
catholic,4518
protestant,4518
palace intrigue,4518
16th century,4518
british monarchy,4518
lgbt interest,4518
dancer,44519
emperor,44519
prince,44519
forbidden love,44519
courtesan,44519
epic,44519
love,44519
unrequited love,44519
tragedy,44519
tragic love,44519
empire,44519
mughal empire,44519
16th century,44519
father son conflict,44519
defiance,44519
based on legend,44519
gold,2000
sentence,2000
gold rush,2000
peru,2000
amazon,2000
float,2000
insanity,2000
south america,2000
amazon rainforest,2000
16th century,2000
conquest,2000
new german cinema,2000
indigenous peoples,2000
amazon river,2000
conquistador,2000
scotland,46067
queen,46067
queen elizabeth i,46067
tudor,46067
mary queen of scots,46067
execution,46067
catholic,46067
16th century,46067
scotland,43875
england,43875
queen,43875
tudor,43875
mary queen of scots,43875
execution,43875
protestant,43875
catholicism,43875
16th century,43875
"venice, italy",8583
inquisition,8583
beauty,8583
courtesan,8583
16th century,8583
painter,57829
short film,479882
anonymity,61891
poet,61891
politics,61891
duringcreditsstinger,61891
false history,61891
16th century,61891
secrecy,61891
dancer,44519
emperor,44519
prince,44519
forbidden love,44519
courtesan,44519
epic,44519
love,44519
unrequited love,44519
tragedy,44519
tragic love,44519
empire,44519
mughal empire,44519
16th century,44519
father son conflict,44519
defiance,44519
based on legend,44519
france,57695
infidelity,57695
mask,57695
passion,57695
forbidden love,57695
duke,57695
princess,57695
love,57695
based on short story,57695
16th century,57695
aristocracy,57695
sword fight,209625
ninja,209625
period drama,209625
strategy,209625
warlords,209625
england,4517
assassination,4517
queen elizabeth i,4517
religious war,4517
tudor,4517
middle ages,4517
armada,4517
catholicism,4517
sea battle,4517
palace intrigue,4517
16th century,4517
lgbt interest,4517
japan,346
samurai,346
sword,346
peasant,346
looting,346
rice,346
fencing,346
village,346
epic,346
moral ambiguity,346
battle,346
bandit,346
practice,346
16th century,346
inquisition,22969
england,22969
spain,22969
queen,22969
court,22969
queen elizabeth i,22969
"london, england",1934
theater play,1934
queen elizabeth i,1934
playwright,1934
cross dressing,1934
false history,1934
francis bacon,1934
16th century,1934
acting,1934
elizabethan england,1934
seefahrt,79040
survival,79040
"venice, italy",11162
jewish ghetto,11162
suitor,11162
racism,11162
loan,11162
merchant,11162
moneylender,11162
16th century,11162
queen,16902
queen elizabeth i,16902
tudor,16902
earl,16902
16th century,16902
british monarchy,16902
navy,282631
biography,282631
based on a true story,282631
battleship,282631
historic,282631
16th century,282631
battle of myeongryang,282631
japanese invasion of korea,282631
korean navy,282631
joseon dynasty,282631
yi sun-sin,282631
japan,40789
spain,40789
fight,40789
army,40789
king,40789
17th century,40789
court,61128
royal court,61128
woman director,61128
joseon dynasty,61128
witch,57230
folk horror,57230
samurai,31372
samurai,455954
shogunate,455954
sengoku,455954
samurai,93424
edo period,93424
17th century,93424
mount fuji,93424
chief,11400
colonialism,11400
virginia,11400
new world,11400
17th century,11400
"london, england",558095
husband wife relationship,558095
historical figure,558095
family secrets,558095
united kingdom,558095
fictional biography,558095
17th century,558095
father daughter relationship,558095
social prejudices,558095
samurai,159403
siege,159403
ninja,159403
japan,14537
suicide,14537
asia,14537
samurai,14537
revenge,14537
flashback,14537
poverty,14537
seppuku,14537
ronin,14537
17th century,14537
shogunate,14537
japan,14537
suicide,14537
asia,14537
samurai,14537
revenge,14537
flashback,14537
poverty,14537
seppuku,14537
ronin,14537
17th century,14537
shogunate,14537
denmark,41391
pastor,41391
witchcraft,41391
witch hunt,41391
17th century,41391
"paris, france",2926
france,2926
based on novel or book,2926
fight,2926
louis xiii,2926
satire,2926
sword fight,2926
musketeer,2926
extramarital affair,2926
swashbuckler,2926
diamond theft,2926
17th century,2926
politics,286402
cardinal,286402
surreal,645124
lesbian relationship,645124
domestic violence,645124
christianity,68730
japan,68730
missionary,68730
based on novel or book,68730
betrayal,68730
torture,68730
martyrdom,68730
crisis of faith,68730
portuguese,68730
17th century,68730
shogunate,68730
jesuit priest,68730
religious persecution,68730
religious icon,68730
apostasy,68730
surreal,645124
lesbian relationship,645124
domestic violence,645124
christianity,68730
japan,68730
missionary,68730
based on novel or book,68730
betrayal,68730
torture,68730
martyrdom,68730
crisis of faith,68730
portuguese,68730
17th century,68730
shogunate,68730
jesuit priest,68730
religious persecution,68730
religious icon,68730
apostasy,68730
quebec,41784
wilderness,41784
native american,41784
journey,41784
jesuit,41784
17th century,41784
algonquin indian,41784
christianity,31767
inquisition,31767
nun,31767
exploitation,31767
hysteria,31767
biography,31767
louis xiii,31767
satire,31767
based on a true story,31767
controversy,31767
surrealism,31767
priest,31767
torture,31767
historical,31767
cult film,31767
catholic church,31767
blasphemy,31767
convent (nunnery),31767
archer,79224
arrow,79224
bow and arrow,79224
archery,79224
17th century,79224
joseon dynasty,79224
chinese invasion of korea,79224
based on novel or book,437081
based on a true story,437081
17th century,437081
joseon dynasty,437081
qing dynasty,437081
korean history,437081
chinese invasion of korea,437081
mountain fortress,437081
samurai,74289
undead,74289
christianity,92670
based on novel or book,92670
jesuit,92670
17th century,92670
religious persecution,92670
based on novel or book,31965
witch burning,31965
false accusations,31965
religious fanaticism,31965
witch hunt,31965
english civil war,31965
17th century,31965
folk horror,31965
"suffolk, england",31965
madness,179111
ghost,179111
english civil war,179111
17th century,179111
folk horror,179111
based on novel or book,155714
love,155714
civil war,277154
17th century,277154
gay,277154
biography,31675
parliament,31675
based on a true story,31675
religion,31675
king,31675
english civil war,31675
tyranny,31675
17th century,31675
king charles i,31675
battle scene,31675
oliver cromwell,31675
17th century,13495
"london, england",7548
dying and death,7548
poet,7548
monologue,7548
monkey,7548
alcoholic,7548
libertine,7548
syphilis,7548
17th century,7548
battlefield,18359
torture,18359
english civil war,18359
17th century,18359
king charles i,18359
oliver cromwell,18359
japan,41471
assassin,41471
samurai,41471
chambara,41471
chanbara,41471
mistake in person,4199
plan,4199
royalty,4199
twins,4199
palace intrigue,4199
based on novel or book,48879
exotic island,1408
treasure,1408
map,1408
island,1408
ship,1408
scalp,1408
sword fight,1408
betrayal,1408
treasure map,1408
pirate,1408
heroine,1408
swashbuckler,1408
adventurer,1408
pirate ship,1408
17th century,1408
france,7093
prince,7093
17th century,7093
louis xiv,7093
witch,62843
torture chamber,62843
trezorové filmy,62843
auction,14283
violin,14283
witch,20539
massachusetts,20539
passion,20539
satan,20539
based on play or musical,20539
curse,20539
"salem, massachusetts",20539
17th century,20539
salem witch trials,20539
indigenous,11210
island,11210
shipwreck,11210
friendship,11210
loneliness,11210
survival,11210
cannibal,11210
deserted island,11210
great britain,375262
queen,375262
rivalry,375262
rabbit,375262
lgbt,375262
18th century,375262
duchess,375262
aristocracy,375262
british monarchy,375262
war of the spanish succession,375262
drop disease,375262
scotland,11780
biography,11780
18th century,11780
highlands,11780
violent man,11780
scottish highlands,11780
husband wife relationship,362045
epic,362045
based on a true story,362045
love,362045
romance,362045
battle,362045
period drama,362045
18th century,362045
warrior,362045
mother son relationship,362045
horse,158762
king,158762
18th century,158762
stable boy,158762
arab colt,158762
nazi,212530
18th century,212530
seven years war,212530
prussia,212530
russia,43687
biography,43687
coup d'etat,43687
princess,43687
palace intrigue,43687
catherine the great,43687
based on novel or book,31527
russia,31527
royal family,31527
biography,31527
royalty,31527
empress,31527
pre-code,31527
18th century,31527
catherine the great,31527
scotland,339477
uprising,339477
18th century,339477
jacobite,339477
bonnie prince charlie,339477
culloden,339477
scotland,61302
british army,61302
highlander,61302
docudrama,61302
18th century,61302
jacobite,61302
historical re-enactment,61302
bonnie prince charlie,61302
scottish highlands,61302
struggle for independence,61302
stuarts,61302
scotland,43355
pirate,43355
18th century,43355
jacobite,43355
highlands,43355
bonnie prince charlie,43355
based on novel or book,6646
treasure,6646
island,6646
parrot,6646
pirate gang,6646
treasure hunt,6646
treasure map,6646
pirate,6646
sailor,6646
wooden leg,6646
18th century,6646
sailing ship,6646
sailboat,43605
based on novel or book,43605
island,43605
pirate gang,43605
treasure hunt,43605
sunken treasure,43605
treasure map,43605
pirate,43605
18th century,43605
pirate ship,43605
mutiny,26612
ship,26612
treasure hunt,26612
treasure map,26612
pirate,26612
children's adventure,26612
long john silver,26612
"venice, italy",9681
new love,9681
lover (female),9681
seduction,9681
menage a trois,9681
carnival,9681
casanova,9681
love,9681
extramarital affair,9681
18th century,9681
catholicism,9681
charismatic,9681
france,31551
lie,31551
strong woman,31551
french revolution,31551
marie antoinette,31551
versailles,31551
sword fight,31551
mistress,31551
poverty,31551
based on manga,31551
tomboy,31551
18th century,31551
louis xvi,31551
nobility,31551
people,31551
gender confusion,31551
peasants vs. royalty,31551
woman soldier,31551
based on novel or book,49249
french revolution,49249
charles dickens,49249
"paris, france",17831
"london, england",17831
based on novel or book,17831
self sacrifice,17831
french revolution,17831
guillotine,17831
love,17831
redemption,17831
alcoholic,17831
18th century,17831
based on novel or book,4701
french revolution,4701
guillotine,4701
lawyer,4701
18th century,4701
based on novel or book,3175
palace,3175
british army,3175
fencing,3175
epic,3175
debt,3175
ireland,3175
british soldier,3175
18th century,3175
seven years war,3175
nobility,3175
prussia,3175
italy,279
austria,279
composer,279
opera,279
talent,279
emperor,279
musician,279
marriage crisis,279
mozart,279
god,279
murder,279
"vienna, austria",279
envy,279
18th century,279
based on novel or book,103584
husband wife relationship,103584
east india company,103584
based on a true story,103584
based on play or musical,103584
calcutta,103584
18th century,103584
rise to power,103584
british colonialism,103584
colonial india,103584
history of india,103584
georgian or regency era,103584
love triangle,9361
based on novel or book,9361
revenge,9361
interracial relationship,9361
native american,9361
period drama,9361
historical,9361
warfare,9361
colonialism,9361
18th century,9361
warrior,9361
french and indian war,9361
held captive,23108
court martial,23108
tomahawk,23108
smoke signal,23108
burned at the stake,23108
mohican indian,23108
fort,43805
ranger,43805
native american,43805
massacre,43805
scalping,43805
cannibal,43805
french and indian war,43805
christianity,11416
waterfall,11416
mission,11416
argentina,11416
jungle,11416
colonisation,11416
south america,11416
18th century,11416
indigenous peoples,11416
assimilation,11416
jesuit priest,11416
lgbt interest,11416
slavery,205601
victorian england,205601
based on a true story,205601
interracial relationship,205601
trial,205601
class differences,205601
slave,205601
period drama,205601
18th century,205601
high society,205601
caribbean sea,205601
biracial,205601
woman director,205601
social issues,205601
costume drama,205601
abolitionist,205601
legal drama,205601
illegitimacy,205601
royal court,62116
overbearing father,62116
harpsichord,62116
18th century,62116
"london, england",72241
british empire,72241
frontiersman,72241
18th century,72241
native american tribe,72241
british colonialism,72241
indian uprising,72241
white slavery,72241
iroquois,72241
colony of virginia,72241
military fort,72241
rape,6312
murder,6312
conspiracy,6312
creature,6312
beast,6312
bounty hunter,621003
sadhu,621003
love triangle,88273
infidelity,88273
queen,88273
royal family,88273
politics,88273
coup d'etat,88273
secret love,88273
royalty,88273
enlightenment,88273
religion,88273
historical fiction,88273
doctor,88273
period drama,88273
christian vii,88273
18th century,88273
illegitimate child,88273
danish history,88273
reform,88273
aristocracy,88273
unhappy marriage,88273
unfaithful wife,88273
composer,761772
biography,761772
classical music,761772
18th century,761772
19th century,761772
marie antoinette,1887
versailles,1887
shoe,1887
rite,1887
theatre audience,1887
louis xvi,1887
bride and groom,1887
death of king,1887
applause,1887
woman director,1887
"london, england",12783
adultery,12783
infidelity,12783
duke,12783
gambling debt,12783
biography,12783
marriage crisis,12783
politics,12783
based on a true story,12783
royalty,12783
unfaithfulness,12783
historical fiction,12783
period drama,12783
aristocrat,12783
18th century,12783
duchess,12783
costume drama,12783
philanderer,12783
revolution,43847
french revolution,43847
marie antoinette,43847
versailles,43847
locksmith,43847
epic,43847
18th century,43847
dauphin,43847
revolution,170740
independence,170740
treason,170740
rebel,12701
chase,12701
independence,12701
british army,12701
fur trapping,12701
based on a true story,12701
native american,12701
18th century,12701
revolutionary war,12701
congress,14902
musical,14902
18th century,14902
founding fathers,14902
rebel,2024
southern usa,2024
loss of loved one,2024
martial arts,2024
general,2024
patriotism,2024
passion,2024
insurgence,2024
daughter,2024
south carolina,2024
epic,2024
based on a true story,2024
sword fight,2024
gore,2024
mission,2024
historical fiction,2024
soldier,2024
patriot,2024
18th century,2024
american revolution,2024
revolutionary war,2024
based on novel or book,73194
husband wife relationship,73194
frontiersman,73194
newlywed,73194
18th century,73194
historically inaccurate,73194
isolated farmhouse,73194
british colonialism,73194
revolutionary war,73194
american frontier,73194
american countryside,73194
marie antoinette,19076
revenge,19076
painter,12709
bedroom,12709
versailles,12709
court,12709
duel,12709
rabbit,12709
drainage project,12709
powder,12709
18th century,12709
sign languages,12709
aristocracy,12709
"paris, france",87729
france,87729
ambassador,87729
revolution,87729
biography,87729
versailles,87729
president,87729
18th century,87729
based on novel or book,168330
mutiny,168330
ship,168330
australia,168330
convict,168330
18th century,168330
high seas,168330
husband wife relationship,11318
biography,11318
parliament,11318
based on a true story,11318
based on play or musical,11318
mental illness,11318
mental health,11318
18th century,11318
king of england,11318
assassination attempt,11318
aristocracy,11318
british monarchy,11318
self destructiveness,11318
sea,2669
exotic island,2669
mutiny,2669
lake,2669
sailing,2669
pregnancy,2669
ship,2669
tahiti,2669
based on a true story,2669
murder,2669
great barrier reef,2669
sailor,2669
native peoples,2669
18th century,2669
storm at sea,2669
whipping,2669
british sailor,2669
fiji,2669
marie antoinette,99579
versailles,99579
18th century,99579
reader,99579
french court,99579
lady in waiting,99579
identity swap,99579
embroidery,99579
fashion design,99579
austrian,99579
louis xvi,99579
large jewel,99579
dead rat,99579
queen of france,99579
green dress,99579
exotic island,11085
captain,11085
mutiny,11085
heart-throb,11085
tahiti,11085
import,11085
18th century,11085
high seas,11085
captain,12311
boat,12311
mutiny,12311
island,12311
sailing,12311
ship,12311
tahiti,12311
based on a true story,12311
18th century,12311
tyrant,12311
flogging,12311
voyage,12311
high seas,12311
french revolution,23615
18th century,23615
scarlet pimpernel,23615
double life,22614
secret identity,22614
french revolution,22614
guillotine,22614
dandy,22614
aristocrat,22614
18th century,22614
scarlet pimpernel,22614
fop,22614
"paris, france",537037
prison,537037
assassin,537037
french revolution,537037
female assassin,537037
historical fiction,537037
martyrdom,537037
18th century,537037
murder investigation,537037
political thriller,537037
political repression,537037
reign of terror,537037
prince,43331
dandy,43331
19th century,43331
east india company,78642
colony,78642
kingdom,78642
woman director,56943
small town,2668
steampunk,2668
19th century,2668
headless horseman,2668
queen,41441
palace,41441
japanese invasion of korea,41441
joseon dynasty,41441
based on novel or book,8619
surgeon,8619
navy,8619
ship,8619
epic,8619
royal navy,8619
historical fiction,8619
period drama,8619
napoleonic wars,8619
naturalist,8619
frigate,8619
self surgery,8619
sea battle,8619
weevil,8619
high seas,8619
19th century,8619
galapagos islands,8619
galapagos,8619
naval battle,8619
english navy,8619
"london, england",11632
british empire,11632
lover,11632
advancement,11632
aristocrat,11632
woman director,11632
winter,11706
russia,11706
napoleon bonaparte,11706
marriage,11706
epic,11706
family,11706
napoleonic wars,11706
pistol duel,11706
technicolor,11706
cossack,19067
fencing,19067
napoleonic wars,19067
based on short story,19067
pistol duel,19067
sword duel,19067
19th century,19067
waterloo,19067
strasbourg,19067
classical music,37011
marine corps,203272
pirate,203272
tripoli,203272
east india company,496495
freedom fighter,496495
historical figure,496495
historically inaccurate,496495
british colonialism,496495
colonial india,496495
19th century,496495
history of india,496495
south india,496495
indian guru,496495
indian king,496495
telugu,496495
popular uprising,496495
napoleon bonaparte,30630
historical figure,30630
captain,23928
battle,23928
napoleonic wars,23928
sea battle,23928
self sacrifice,23102
revolution,23102
napoleon bonaparte,23102
napoleonic wars,23102
peninsular war,23102
lord byron,253078
bowling,4584
based on novel or book,4584
servant,4584
country life,4584
inheritance,4584
rural area,4584
military officer,4584
period drama,4584
rainstorm,4584
horse and carriage,4584
decorum,4584
19th century,4584
devon,4584
napoleon bonaparte,24180
based on novel or book,10399
country estate,10399
woman director,10399
prison,43691
napoleon bonaparte,43691
revenge,43691
escape,43691
dungeon,43691
loss of loved one,11362
based on novel or book,11362
"marseille, france",11362
treasure,11362
lover (female),11362
ex-lover,11362
napoleon bonaparte,11362
sword fight,11362
prison escape,11362
torture,11362
period drama,11362
historical,11362
swashbuckler,11362
betrayal by friend,11362
19th century,11362
napoleon bonaparte,33157
biography,33157
19th century,33157
waterloo,33157
battle scene,33157
based on novel or book,3573
picnic,3573
matchmaking,3573
english countryside,3573
19th century,3573
marriage proposal,12254
make a match,12254
based on novel or book,3573
picnic,3573
matchmaking,3573
english countryside,3573
19th century,3573
marriage proposal,12254
make a match,12254
captain,17015
napoleonic wars,17015
old flame,17015
admiral,17015
love triangle,13949
poetry,13949
captain,13949
navy,13949
love,13949
period drama,18093
costume drama,18093
"london, england",29963
poet,29963
duringcreditsstinger,29963
woman director,29963
19th century,29963
suicide,205775
ocean,205775
sea,205775
hunger,205775
shipwreck,205775
ship,205775
whale,205775
based on a true story,205775
stranded,205775
survival,205775
cannibal,205775
whaling,205775
death,205775
new england,205775
lost at sea,205775
whaling ship,205775
starvation,205775
19th century,205775
whale oil,205775
nantucket,205775
biography,536581
rape,281957
based on novel or book,281957
parent child relationship,281957
mountain,281957
winter,281957
grizzly bear,281957
wilderness,281957
forest,281957
fur trapping,281957
frontier,281957
liar,281957
based on a true story,281957
remake,281957
revenge,281957
murder,281957
gore,281957
native american,281957
survival,281957
bear,281957
snow,281957
scalping,281957
wild west,281957
bear attack,281957
indian attack,281957
dead horse,281957
starvation,281957
19th century,281957
final battle,281957
wolves,281957
dreamy,281957
child killing,281957
composer,1590
classical music,1590
woman director,1590
fictional biography,1590
19th century,1590
muslim,41968
secret society,41968
hindu,41968
tiger,41968
arrest,41968
revenge,41968
murder,41968
colonel,41968
wedding,41968
india,41968
19th century,41968
muslim,41968
secret society,41968
hindu,41968
tiger,41968
arrest,41968
revenge,41968
murder,41968
colonel,41968
wedding,41968
india,41968
19th century,41968
composer,13701
deaf,13701
letter,13701
biography,13701
sister-in-law,13701
character study,13701
uncle nephew relationship,13701
für elise,13701
ludwig van beethoven,13701
liberation,11710
"nuremberg, germany",11710
curious,11710
based on novel or book,11876
italian,11876
new love,11876
provence,11876
horse,11876
exile,11876
cholera,11876
19th century,11876
texas,10733
uprising,10733
alamo,10733
royal family,18320
biography,18320
royalty,18320
period drama,18320
queen victoria,18320
prince albert,18320
19th century,18320
british monarchy,18320
texas,11209
assault,11209
alamo,11209
mexican army,11209
todd-ao,11209
cuba,11831
mutiny,11831
slavery,11831
sentence,11831
historical figure,11831
tall ship,11831
slave trade,11831
river,11897
settler,11897
caravan,11897
epic,11897
frontier,11897
outlaw,11897
native american,11897
colonisation,11897
family,11897
riverboat,11897
british empire,161382
battle,161382
chinese emperor,161382
husband wife relationship,40732
american dream,40732
farm worker,40732
ship,40732
the new world,40732
hardship,40732
sailing ship,40732
seasickness,40732
sea voyage,40732
journey,40732
emigrant,40732
19th century,40732
swedish family,40732
love triangle,130899
composer,130899
classical music,130899
slavery,76203
plantation,76203
based on memoir or autobiography,76203
violin player,76203
physical abuse,76203
black slave,76203
usa history,76203
slave owner,76203
19th century,76203
sold into slavery,76203
abolitionist,76203
abuse of power,76203
african american history,76203
fire,3131
irish-american,3131
immigrant,3131
gang war,3131
pickpocket,3131
ship,3131
gang of thieves,3131
butcher,3131
pig,3131
army,3131
rescue,3131
gang,3131
19th century,3131
patriotism,89665
revolution,89665
bravery,89665
hussars,89665
austria-hungary,89665
civil war,14392
assassin,14392
general,14392
dynasty,14392
brother,14392
blood brother,14392
19th century,14392
japan,146091
samurai,146091
hero,42193
british army,42193
british empire,42193
politics,42193
remake,42193
honor,42193
russian soldier,42193
massacre,42193
discipline,42193
hussars,42193
british soldier,42193
british history,42193
british colonial,42193
anti war,42193
equestrian,42193
lancer,42193
queen victoria,42193
gold rush,68113
australia,68113
rebellion,68113
19th century,68113
australian western,68113
sibling relationship,457
love at first sight,457
husband wife relationship,457
marriage proposal,457
attachment to nature,457
love of one's life,457
anonymity,457
"bavaria, germany",457
emperor,457
mistake in person,457
love of animals,457
ball,457
horseback riding,457
telegram,457
bad mother-in-law,457
chase,457
schloss schönbrunn,457
wedding,457
"vienna, austria",457
austria-hungary,457
africa,33796
based on novel or book,33796
river,33796
expedition,33796
nile,33796
british empire,33796
exploration,33796
lake victoria,33796
gay interest,33796
19th century,33796
japan,65590
geisha,65590
consul,65590
19th century,65590
japan,11878
gambling,11878
swordplay,11878
samurai,11878
sword,11878
bodyguard,11878
fighting,11878
family,11878
intrigue,11878
ronin,11878
revolver,11878
edo period,11878
feudal japan,11878
19th century,11878
asian western,11878
loss of loved one,2289
desertion,2289
love of one's life,2289
early america,2289
battle,16072
union soldier,16072
confederate soldier,16072
american civil war,16072
secession,16072
civil war,22267
friends,22267
bush whacker,22267
raid,22267
american civil war,22267
southern usa,770
loss of loved one,770
marriage proposal,770
atlanta,770
plantation,770
typhus,770
business woman,770
marriage crisis,770
romance,770
american civil war,770
technicolor,770
old south,770
early america,770
scotland,17589
england,17589
assassination,17589
queen,17589
prince,17589
widow,17589
victorian england,17589
royalty,17589
queen victoria,17589
19th century,17589
british monarchy,17589
bounty hunter,429
refugee,429
gold,429
anti hero,429
gallows,429
hitman,429
army,429
outlaw,429
shootout,429
moral ambiguity,429
spaghetti western,429
racism,9665
battle,9665
union soldier,9665
confederate soldier,9665
american civil war,9665
19th century,9665
early america,9665
african american history,9665
civil war,10655
independence,10655
troops,10655
army,10655
battle,10655
union soldier,10655
confederate soldier,10655
american civil war,10655
battle of gettysburg,10655
early america,10655
gunslinger,12160
gambling,12160
sheriff,12160
deputy sheriff,12160
arizona,12160
wretch,12160
wyatt earp,12160
historical figure,12160
doc holliday,12160
tombstone arizona,12160
19th century,12160
ok corral,12160
countryside,581
based on novel or book,581
culture clash,581
desertion,581
mutiny,581
wolf,581
language barrier,581
self-discovery,581
dakota,581
buffalo,581
friendship,581
unsociability,581
freedom,581
tennessee,581
"kansas, usa",581
sioux,581
native american,581
snow,581
pawnee tribe,581
19th century,581
lakota,581
bison,581
early america,581
"bavaria, germany",3478
biography,3478
friendship,3478
elisabeth of austria,3478
neuschwanstein,3478
herrenchiemsee,3478
male homosexuality,3478
king,3478
19th century,3478
lgbt interest,3478
usa president,72976
mutiny,72976
speech,72976
based on a true story,72976
battlefield,72976
historical fiction,72976
family conflict,72976
mourning,72976
american civil war,72976
cultural conflict,72976
battle of gettysburg,72976
secession,72976
presidential cabinet,72976
gettysburg address,72976
conflagration,72976
ethical dilemma,72976
emancipation,72976
19th century,72976
abraham lincoln,72976
japan,70409
samurai,70409
gunfighter,70409
sword fight,106908
imperial japan,106908
joseon dynasty,366093
pansori,366093
martial arts,7549
kung fu,7549
patriotism,7549
blindness and impaired vision,7549
sake,7549
restaurant,7549
"shanghai, china",7549
hope,7549
tea,7549
respect,7549
exile,7549
rice,7549
biography,7549
beggar,7549
friendship,7549
based on a true story,7549
historical,7549
qing dynasty,7549
texas,57201
horse,57201
texas ranger,57201
partner,57201
outlaw,57201
native american,57201
escape,57201
lawyer,57201
train,57201
lone ranger,57201
comanche,57201
tonto,57201
journalist,15
newspaper,15
florida,15
capitalist,15
banker,15
media tycoon,15
art collector,15
sleigh,15
money,15
black and white,15
child,15
philippines,317161
parliament,66775
election,66775
british politics,66775
turn of the century,66775
19th century,66775
boer war,66775
winston churchill,66775
chase,9588
western,9588
australian outback,9588
australian western,9588
japan,616
loss of loved one,616
war crimes,616
sense of guilt,616
swordplay,616
general,616
samurai,616
war veteran,616
katana,616
sword,616
arms deal,616
homeland,616
emperor,616
language barrier,616
self-discovery,616
mountain village,616
foreign legion,616
mercenary,616
campaign,616
commercial agreement,616
insurgence,616
leader,616
war strategy,616
gettysburg,616
slaughter,616
soldier,616
period drama,616
alcoholic,616
u.s. soldier,616
historically inaccurate,616
japanese army,616
warrior,616
19th century,616
war trauma,616
opium,65796
loss of eyesight,65796
biography,65796
sioux,65796
wild bill hickok,65796
calamity jane,65796
love triangle,118908
"philadelphia, pennsylvania",118908
sibling rivalry,118908
19th century,118908
japan,616
loss of loved one,616
war crimes,616
sense of guilt,616
swordplay,616
general,616
samurai,616
war veteran,616
katana,616
sword,616
arms deal,616
homeland,616
emperor,616
language barrier,616
self-discovery,616
mountain village,616
foreign legion,616
mercenary,616
campaign,616
commercial agreement,616
insurgence,616
leader,616
war strategy,616
gettysburg,616
slaughter,616
soldier,616
period drama,616
alcoholic,616
u.s. soldier,616
historically inaccurate,616
japanese army,616
warrior,616
19th century,616
war trauma,616
bank robber,38978
outlaw,38978
based on a true story,38978
resistance,10544
australia,10544
lawlessness,10544
gang,10544
capture,10544
19th century,10544
ned kelly,10544
australian western,10544
africa,14433
south africa,14433
british army,14433
british empire,14433
based on a true story,14433
mixed martial arts,14433
attempted rape,14433
cult film,14433
zulu,14433
tribal warfare,14433
19th century,14433
fight,18061
british empire,18061
victory,18061
prequel,18061
battlefield,18061
battle,18061
death,18061
colonialism,18061
spear throwing,18061
surrounded,18061
standoff,18061
mortar,18061
zulu,18061
tribal warfare,18061
army life,18061
woman director,123938
blindness and impaired vision,1162
education,1162
biography,1162
historical figure,1162
teacher,1162
tutor,1162
tantrum,1162
railway station,1162
institution,1162
19th century,1162
blind child,1162
biography,418879
thomas edison,418879
19th century,418879
killing,4512
admiration,4512
hold-up robbery,4512
to shoot dead,4512
missouri,4512
media,4512
jesse james,4512
cowardliness,4512
family,4512
coward,4512
saloon,11969
arizona,11969
retirement,11969
wyatt earp,11969
right and justice,11969
historical figure,11969
doc holliday,11969
gambler,11969
tuberculosis,11969
gunfighter,11969
tombstone arizona,11969
19th century,11969
ok corral,11969
british army,10568
british empire,10568
sudan,10568
army,10568
cowardice,10568
victorian england,10568
soldier,10568
disguise,10568
british colonialism,10568
islam,9093
loyalty,9093
bravery,9093
british empire,9093
sudan,9093
army,9093
revenge,9093
honor,9093
murder,9093
escape,9093
soldier,9093
battle,9093
church,9093
britain,9093
slave,9093
colonialism,9093
military,9093
white feather,9093
imperialism,9093
islam,29710
siege,29710
british empire,29710
sudan,29710
epic,29710
victorian england,29710
desert,29710
insurgent,29710
19th century,29710
"khartoum, sudan",29710
apache nation,35588
historical figure,35588
native american,35588
historical,35588
cavalry,35588
geronimo,35588
biography,362820
philippines,362820
philippines,179767
france,491472
painter,491472
insanity,491472
loneliness,491472
priest,491472
hospital,491472
art gallery,491472
nature,491472
art dealer,491472
vincent van gogh,491472
brother brother relationship,491472
magic,1491
princess,1491
love,1491
rivalry,1491
"vienna, austria",1491
super power,1491
crown prince,1491
duchess,1491
childhood sweetheart,1491
dynamite,642
bolivia,642
male friendship,642
on the run,642
shootout,642
buddy,642
train robbery,642
posse,642
last stand,642
escape plan,642
western bandits,642
competition,1124
secret,1124
obsession,1124
magic,1124
diary,1124
dying and death,1124
class society,1124
illusion,1124
tricks,1124
hostility,1124
class,1124
partner,1124
rivalry,1124
steampunk,1124
nikola tesla,1124
tesla coil,1124
war crimes,13470
mass murder,13470
native american attack,13470
native american,13470
native american reservation,13470
19th century,13470
indigenous peoples,13470
assimilation,13470
early america,13470
wounded knee,13470
love triangle,10935
montana,10935
showdown,10935
"wyoming, usa",10935
brothel,10935
marshal,10935
dance,10935
immigrant,10935
studies,10935
epic,10935
idealist,10935
cock fighting,10935
cockfight,10935
cattle baron,10935
fiddler,10935
rollerskating rink,10935
19th century,10935
montana,384680
new mexico,384680
chief,384680
native american,384680
native american reservation,384680
bigotry,384680
19th century,384680
indigenous peoples,384680
new mexico territory,384680
philippines,57931
philippines,359105
period drama,359105
philippine history,359105
politician,253816
mindanao,253816
mindanao philippines,253816
philippine history,253816
